City_ID,City,Country,Date,Lat,Lng,Max Temp,Humidity,Cloudiness,Wind Speed
0,Nelson Bay,AU,2021-07-14 20:48:42,-32.7167,152.15,59.95,80,46,11.77
1,Coquimbo,CL,2021-07-14 20:50:56,-29.9533,-71.3436,58.73,62,0,10.36
2,Bluff,NZ,2021-07-14 20:51:26,-46.6,168.3333,43.81,65,84,10.38
3,Bredasdorp,ZA,2021-07-14 20:51:26,-34.5322,20.0403,45.72,81,95,3.44
4,Mackenzie,CA,2021-07-14 20:51:26,55.2999,-123.1698,80.92,24,49,10.56
5,Torbay,CA,2021-07-14 20:47:15,47.6666,-52.7314,74.48,41,5,9.17
6,Batagay,RU,2021-07-14 20:47:49,67.6333,134.6333,48.31,63,92,8.81
7,Bonthe,SL,2021-07-14 20:51:27,7.5264,-12.505,76.23,87,100,6.87
8,Cape Town,ZA,2021-07-14 20:51:27,-33.9258,18.4232,50.41,82,0,5.75
9,Tautira,PF,2021-07-14 20:47:36,-17.7333,-149.15,82.42,69,26,19.01
10,Stromness,GB,2021-07-14 20:51:27,58.965,-3.296,64.65,91,100,24.05
11,Rikitea,PF,2021-07-14 20:51:28,-23.1203,-134.9692,73.06,71,0,8.93
12,Longyearbyen,SJ,2021-07-14 20:51:29,78.2186,15.6401,42.64,81,75,10.36
13,Norman Wells,CA,2021-07-14 20:51:29,65.282,-126.8329,58.6,67,95,12.44
14,Port Alfred,ZA,2021-07-14 20:51:30,-33.5906,26.891,55.04,39,0,6.85
15,Dikson,RU,2021-07-14 20:51:30,73.5069,80.5464,36.73,88,100,13.33
16,Boa Vista,BR,2021-07-14 20:46:51,2.8197,-60.6733,85.98,62,75,5.75
17,Turbat,PK,2021-07-14 20:51:31,26.0023,63.044,92.98,55,100,5.39
18,Khani,GE,2021-07-14 20:51:31,41.9563,42.9566,65.77,93,100,2.51
19,Hilo,US,2021-07-14 20:51:31,19.7297,-155.09,85.28,64,75,4.61
20,Zambezi,ZM,2021-07-14 20:51:31,-13.5432,23.1047,61.36,40,15,5.55
21,Bairiki,KI,2021-07-14 20:51:32,1.3292,172.9752,82.4,83,40,8.05
22,Yellowknife,CA,2021-07-14 20:47:16,62.456,-114.3525,72.32,49,100,1.01
23,Praia Da Vitoria,PT,2021-07-14 20:47:09,38.7333,-27.0667,72.75,83,75,9.46
24,Ribeira Grande,PT,2021-07-14 20:51:32,38.5167,-28.7,72.0,83,40,9.22
25,Suisun City,US,2021-07-14 20:51:33,38.2382,-122.0402,93.2,44,1,5.99
26,Ushuaia,AR,2021-07-14 20:48:06,-54.8,-68.3,31.66,80,75,4.61
27,Yairipok,IN,2021-07-14 20:51:33,24.6667,94.0667,68.54,97,80,1.63
28,Punta Arenas,CL,2021-07-14 20:46:46,-53.15,-70.9167,39.31,93,90,13.8
29,Nikolskoye,RU,2021-07-14 20:51:34,59.7035,30.7861,75.09,90,100,2.73
30,Marabba,SD,2021-07-14 20:51:34,12.35,32.1833,78.91,72,93,9.8
31,Albany,US,2021-07-14 20:51:24,42.6001,-73.9662,83.75,82,28,7.85
32,Khatanga,RU,2021-07-14 20:51:34,71.9667,102.5,46.4,61,100,16.08
33,Pisco,PE,2021-07-14 20:51:35,-13.7,-76.2167,69.85,68,42,17.27
34,Amga,RU,2021-07-14 20:51:35,60.8953,131.9608,65.03,67,13,1.92
35,Ouango,CF,2021-07-14 20:51:35,4.3133,22.5552,71.67,95,78,1.61
36,Avarua,CK,2021-07-14 20:51:36,-21.2078,-159.775,78.85,78,75,9.22
37,Soe,ID,2021-07-14 20:51:36,-9.8607,124.284,60.75,91,99,3.87
38,Lebu,CL,2021-07-14 20:51:36,-37.6167,-73.65,52.36,72,19,5.46
39,Davila,PH,2021-07-14 20:51:37,18.4726,120.5763,81.46,81,84,5.28
40,Georgetown,MY,2021-07-14 20:51:37,5.4112,100.3354,80.89,67,40,1.01
41,Vaini,TO,2021-07-14 20:51:37,-21.2,-175.2,73.56,88,90,8.05
42,Busselton,AU,2021-07-14 20:47:29,-33.65,115.3333,49.08,60,92,28.43
43,Bambous Virieux,MU,2021-07-14 20:51:38,-20.3428,57.7575,70.21,78,40,11.5
44,Lazaro Cardenas,MX,2021-07-14 20:51:38,17.9583,-102.2,85.53,70,91,6.58
45,Atuona,PF,2021-07-14 20:51:39,-9.8,-139.0333,78.4,63,14,23.38
46,Barrow,US,2021-07-14 20:51:39,71.2906,-156.7887,33.82,80,20,8.05
47,Madang,PG,2021-07-14 20:51:39,-5.2246,145.7966,76.53,87,100,5.06
48,Mataura,NZ,2021-07-14 20:51:39,-46.1927,168.8643,43.48,94,76,2.28
49,Sayansk,RU,2021-07-14 20:51:40,54.1088,102.1648,54.34,96,100,3.24
50,Thompson,CA,2021-07-14 20:51:40,55.7435,-97.8558,84.72,21,22,4.16
51,Mahebourg,MU,2021-07-14 20:51:40,-20.4081,57.7,70.25,78,40,11.5
52,Ternate,ID,2021-07-14 20:51:41,0.8,127.4,78.6,84,100,5.99
53,Gerash,IR,2021-07-14 20:51:41,27.6652,54.1371,93.34,42,92,4.38
54,Chokurdakh,RU,2021-07-14 20:51:41,70.6333,147.9167,40.46,92,100,18.54
55,Aras,ES,2021-07-14 20:51:42,42.5617,-2.356,59.41,63,20,3.44
56,Zamora,EC,2021-07-14 20:51:42,-4.0692,-78.9567,76.51,72,40,4.18
57,East London,ZA,2021-07-14 20:51:43,-33.0153,27.9116,55.27,60,0,7.94
58,Evensk,RU,2021-07-14 20:51:43,61.95,159.2333,55.87,91,100,19.19
59,Honiara,SB,2021-07-14 20:48:20,-9.4333,159.95,79.95,77,92,8.77
60,Portland,US,2021-07-14 20:50:07,45.5234,-122.6762,87.64,48,1,3.0
61,Arraial Do Cabo,BR,2021-07-14 20:51:43,-22.9661,-42.0278,76.96,73,0,10.36
62,Salinopolis,BR,2021-07-14 20:50:07,-0.6136,-47.3561,79.56,81,13,12.37
63,Sayyan,YE,2021-07-14 20:51:44,15.1718,44.3244,62.2,61,99,4.09
64,Cabo San Lucas,MX,2021-07-14 20:51:44,22.8909,-109.9124,96.51,48,1,11.5
65,Gizo,SB,2021-07-14 20:51:44,-8.103,156.8419,82.62,77,100,9.89
66,Mareeba,AU,2021-07-14 20:51:45,-17.0,145.4333,65.48,96,26,2.08
67,Kapuskasing,CA,2021-07-14 20:51:45,49.4169,-82.4331,73.26,42,36,4.05
68,Jamestown,US,2021-07-14 20:48:31,42.097,-79.2353,79.09,64,1,17.27
69,Hualmay,PE,2021-07-14 20:51:46,-11.0964,-77.6139,66.24,77,25,11.79
70,Saint-Philippe,RE,2021-07-14 20:48:33,-21.3585,55.7679,67.59,81,84,13.89
71,Saskylakh,RU,2021-07-14 20:51:46,71.9167,114.0833,44.1,68,100,17.18
72,Hermanus,ZA,2021-07-14 20:47:27,-34.4187,19.2345,49.89,80,82,7.94
73,Eenhana,NA,2021-07-14 20:49:07,-17.4667,16.3333,58.75,36,0,9.64
74,La Ronge,CA,2021-07-14 20:48:36,55.1001,-105.2842,74.01,33,3,8.08
75,Maneromango,TZ,2021-07-14 20:51:47,-7.1988,38.7848,67.75,96,50,4.61
76,Rudnyy,KZ,2021-07-14 20:51:47,52.9594,63.1206,50.18,67,11,6.49
77,Preobrazheniye,RU,2021-07-14 20:51:47,42.9019,133.9064,65.8,91,3,4.72
78,Tasiilaq,GL,2021-07-14 20:47:14,65.6145,-37.6368,39.36,95,100,1.52
79,Rundu,NA,2021-07-14 20:51:48,-17.9333,19.7667,50.25,41,1,7.02
80,Butaritari,KI,2021-07-14 20:51:48,3.0707,172.7902,83.95,75,4,12.46
81,Castro,BR,2021-07-14 20:49:33,-24.7911,-50.0119,59.79,63,44,4.16
82,Tiksi,RU,2021-07-14 20:51:49,71.6872,128.8694,44.29,60,88,19.13
83,Clyde River,CA,2021-07-14 20:51:49,70.4692,-68.5914,47.52,63,10,6.58
84,Kysyl-Syr,RU,2021-07-14 20:51:49,63.8986,122.7617,54.9,61,100,9.17
85,Kharovsk,RU,2021-07-14 20:51:50,59.9642,40.1912,67.71,66,68,3.76
86,Baykit,RU,2021-07-14 20:50:14,61.67,96.37,55.31,85,2,4.38
87,La Palma,US,2021-07-14 20:51:50,33.8464,-118.0467,104.32,63,20,5.01
88,Hofn,IS,2021-07-14 20:51:50,64.2539,-15.2082,52.21,76,43,8.12
89,Port Lincoln,AU,2021-07-14 20:48:35,-34.7333,135.8667,56.23,81,0,16.42
90,Ponta Do Sol,PT,2021-07-14 20:51:51,32.6667,-17.1,72.72,81,1,6.29
91,Faya,SA,2021-07-14 20:51:51,18.3851,42.4509,69.91,68,100,6.06
92,Esil,KZ,2021-07-14 20:51:52,51.9556,66.4042,51.69,68,93,7.09
93,Puerto Ayora,EC,2021-07-14 20:47:01,-0.7393,-90.3518,82.36,76,57,12.21
94,Takoradi,GH,2021-07-14 20:51:52,4.8845,-1.7554,76.42,84,94,10.67
95,Burgos,ES,2021-07-14 20:51:52,42.3394,-3.7079,54.01,82,20,13.8
96,Comodoro Rivadavia,AR,2021-07-14 20:51:53,-45.8667,-67.5,55.26,33,40,28.77
97,Tuktoyaktuk,CA,2021-07-14 20:47:22,69.4541,-133.0374,38.07,74,100,20.27
98,Sembe,CG,2021-07-14 20:51:53,1.6481,14.5806,73.96,82,99,2.26
99,Maningrida,AU,2021-07-14 20:51:53,-12.0667,134.2667,68.59,96,52,7.27
100,Dunedin,NZ,2021-07-14 20:51:54,-45.8742,170.5036,44.8,70,100,11.01
101,Valdivia,CL,2021-07-14 20:51:54,-39.8142,-73.2459,48.29,98,100,0.87
102,Rapid Valley,US,2021-07-14 20:51:54,44.0625,-103.1463,77.32,60,20,1.99
103,Los Llanos De Aridane,ES,2021-07-14 20:48:04,28.6585,-17.9182,70.12,87,0,17.27
104,Mwinilunga,ZM,2021-07-14 20:51:55,-11.7358,24.4293,58.64,46,4,3.6
105,Puri,IN,2021-07-14 20:51:55,19.8,85.85,84.38,79,32,13.85
106,Iskateley,RU,2021-07-14 20:51:55,67.6803,53.1512,52.66,91,91,7.29
107,New Norfolk,AU,2021-07-14 20:47:40,-42.7826,147.0587,47.75,89,96,1.97
108,Husavik,IS,2021-07-14 20:51:56,66.0449,-17.3389,51.71,91,100,5.35
109,Charters Towers,AU,2021-07-14 20:48:07,-20.1,146.2667,67.37,84,100,11.16
110,Waddan,LY,2021-07-14 20:47:12,29.1614,16.139,87.17,24,0,10.96
111,Zaysan,KZ,2021-07-14 20:51:56,47.4667,84.8667,67.73,40,68,7.18
112,Lodja,CD,2021-07-14 20:51:57,-3.4833,23.4333,71.13,29,29,1.81
113,Mujiayingzi,CN,2021-07-14 20:51:57,42.1167,118.7833,71.1,92,92,3.0
114,San Quintin,MX,2021-07-14 20:51:57,30.4833,-115.95,75.74,66,2,10.47
115,Ishigaki,JP,2021-07-14 20:51:58,24.3448,124.1572,84.67,76,97,14.65
116,Capoterra,IT,2021-07-14 20:51:58,39.1763,8.9718,76.78,67,0,9.22
117,Port Elizabeth,ZA,2021-07-14 20:47:31,-33.918,25.5701,43.09,87,0,5.75
118,Saint-Leu,RE,2021-07-14 20:51:58,-21.15,55.2833,67.06,74,13,6.87
119,Moron,AR,2021-07-14 20:51:59,-34.6534,-58.6198,55.29,96,90,5.99
120,San Cristobal,VE,2021-07-14 20:51:59,7.7669,-72.225,82.58,48,28,6.71
121,Atherton,GB,2021-07-14 20:51:59,53.5237,-2.4935,64.26,80,43,4.0
122,Kawalu,ID,2021-07-14 20:52:00,-7.3817,108.2082,68.88,93,98,0.22
123,Tuatapere,NZ,2021-07-14 20:52:00,-46.1333,167.6833,43.83,79,60,3.58
124,Kavieng,PG,2021-07-14 20:47:06,-2.5744,150.7967,82.29,76,69,8.59
125,Komsomolskiy,UZ,2021-07-14 20:52:00,40.4272,71.7189,79.52,34,33,4.61
126,Kavali,IN,2021-07-14 20:52:01,14.9167,79.9833,78.8,78,100,18.95
127,Baghdad,IQ,2021-07-14 20:47:04,33.3406,44.4009,91.31,22,0,8.05
128,Kirensk,RU,2021-07-14 20:52:02,57.7853,108.1119,61.65,91,100,1.14
129,Sorong,ID,2021-07-14 20:49:10,-0.8833,131.25,78.33,86,100,7.47
130,Thio,NC,2021-07-14 20:52:03,-21.6167,166.2167,55.36,67,62,11.56
131,Suba,PH,2021-07-14 20:52:03,10.8438,121.0102,83.41,72,93,1.57
132,Kapaa,US,2021-07-14 20:52:03,22.0752,-159.319,80.11,73,90,5.01
133,Am Timan,TD,2021-07-14 20:52:04,11.0297,20.2827,75.09,85,100,2.39
134,Lasa,IT,2021-07-14 20:48:28,46.6166,10.7002,53.62,91,43,0.34
135,Bethel,US,2021-07-14 20:52:04,41.3712,-73.414,87.89,73,40,1.01
136,Bathurst,AU,2021-07-14 20:47:24,-33.4166,149.5806,50.97,90,88,1.99
137,Bengkulu,ID,2021-07-14 20:52:05,-3.8004,102.2655,75.07,70,100,4.05
138,Port Macquarie,AU,2021-07-14 20:52:05,-31.4333,152.9167,48.16,80,91,7.85
139,San Clemente,US,2021-07-14 20:52:06,33.427,-117.612,102.2,71,57,3.0
140,Srednekolymsk,RU,2021-07-14 20:52:06,67.45,153.6833,64.38,58,17,3.24
141,Along,IN,2021-07-14 20:52:06,28.1667,94.7667,74.07,99,100,0.4
142,Changji,CN,2021-07-14 20:52:07,44.0167,87.3167,68.79,64,0,4.47
143,Amapa,BR,2021-07-14 20:52:07,1.0,-52.0,75.29,96,89,3.09
144,Severo-Kurilsk,RU,2021-07-14 20:48:27,50.6789,156.125,52.48,94,100,17.11
145,Vardo,NO,2021-07-14 20:52:07,70.3705,31.1107,53.8,91,100,7.36
146,Springbok,ZA,2021-07-14 20:52:08,-29.6643,17.8865,40.86,37,0,7.25
147,Airai,TL,2021-07-14 20:48:03,-8.9266,125.4092,56.57,81,100,3.22
148,Avera,US,2021-07-14 20:52:08,33.194,-82.5271,90.28,55,87,5.55
149,Upernavik,GL,2021-07-14 20:48:35,72.7868,-56.1549,39.45,96,100,13.91
150,Ghanzi,BW,2021-07-14 20:52:09,-21.5667,21.7833,41.23,25,0,7.14
151,Cidreira,BR,2021-07-14 20:52:09,-30.1811,-50.2056,61.12,80,73,6.8
152,Hithadhoo,MV,2021-07-14 20:52:09,-0.6,73.0833,82.24,75,100,8.66
153,Abashiri,JP,2021-07-14 20:52:10,44.0213,144.2697,66.94,84,73,8.81
154,Mafinga,TZ,2021-07-14 20:52:10,-7.25,35.0667,68.56,66,40,4.97
155,Port-Cartier,CA,2021-07-14 20:52:11,50.0334,-66.8654,60.93,99,100,6.78
156,Chuy,UY,2021-07-14 20:52:11,-33.6971,-53.4616,53.74,97,100,9.51
157,Menongue,AO,2021-07-14 20:48:40,-14.6585,17.691,54.18,43,1,6.8
158,Port Blair,IN,2021-07-14 20:52:12,11.6667,92.75,80.89,84,70,6.89
159,Fairbanks,US,2021-07-14 20:50:32,64.8378,-147.7164,63.23,82,90,11.5
160,Lavrentiya,RU,2021-07-14 20:47:37,65.5833,-171.0,49.44,82,64,4.76
161,Sioux Lookout,CA,2021-07-14 20:52:12,50.1001,-91.917,78.03,26,39,5.64
162,San Ramon,US,2021-07-14 20:52:12,37.7799,-121.978,87.31,45,1,3.0
163,Maldonado,UY,2021-07-14 20:47:31,-34.6667,-54.9167,52.23,95,100,9.06
164,Frederikshavn,DK,2021-07-14 20:52:13,57.4407,10.5366,71.55,83,30,3.22
165,Pimentel,PE,2021-07-14 20:52:13,-6.8367,-79.9342,71.89,68,75,13.8
166,Belmonte,BR,2021-07-14 20:52:13,-15.8631,-38.8828,77.0,84,2,5.01
167,Monteagudo,BO,2021-07-14 20:52:14,-19.8167,-63.9833,76.78,39,7,4.83
168,Sola,VU,2021-07-14 20:52:14,-13.8833,167.55,80.08,79,36,24.63
169,Basoko,CD,2021-07-14 20:52:14,1.2391,23.616,74.89,78,97,3.49
170,Ambon,ID,2021-07-14 20:52:15,-3.6954,128.1814,78.21,85,84,6.85
171,Namwala,ZM,2021-07-14 20:52:15,-15.7504,26.4384,68.13,38,85,6.38
172,Iqaluit,CA,2021-07-14 20:51:02,63.7506,-68.5145,55.4,50,50,12.57
173,Bull Savanna,JM,2021-07-14 20:52:16,17.8868,-77.5902,82.65,67,14,7.61
174,Provideniya,RU,2021-07-14 20:52:16,64.3833,-173.3,46.51,87,75,13.42
175,Saint-Joseph,RE,2021-07-14 20:52:16,-21.3667,55.6167,66.58,80,64,14.34
176,Saint George,US,2021-07-14 20:52:17,37.1041,-113.5841,101.62,30,1,4.0
177,Tolstoy-Yurt,RU,2021-07-14 20:52:17,43.4444,45.7722,68.32,68,0,2.24
178,Talnakh,RU,2021-07-14 20:52:17,69.4865,88.3972,45.99,69,99,1.68
179,Guatire,VE,2021-07-14 20:52:18,10.4762,-66.5427,87.21,56,19,6.8
180,Paveh,IR,2021-07-14 20:52:18,35.0434,46.3565,74.53,20,0,1.81
181,Leningradskiy,RU,2021-07-14 20:52:18,69.3833,178.4167,46.2,87,98,5.84
182,Makakilo City,US,2021-07-14 20:52:19,21.3469,-158.0858,82.72,66,90,5.75
183,San Patricio,US,2021-07-14 20:50:17,28.017,-97.5169,91.81,55,95,12.21
184,Isangel,VU,2021-07-14 20:52:19,-19.55,169.2667,72.32,80,83,14.92
185,Waipawa,NZ,2021-07-14 20:52:19,-41.4122,175.5153,54.03,73,56,21.94
186,Port-Gentil,GA,2021-07-14 20:52:20,-0.7193,8.7815,76.96,78,40,8.05
187,Sao Filipe,CV,2021-07-14 20:52:20,14.8961,-24.4956,75.13,86,63,9.53
188,Lewiston,US,2021-07-14 20:52:20,44.1003,-70.2148,73.81,95,90,8.05
189,Bathsheba,BB,2021-07-14 20:52:21,13.2167,-59.5167,86.61,66,40,19.57
190,Salalah,OM,2021-07-14 20:52:21,17.0151,54.0924,79.54,90,100,2.51
191,Olga,RU,2021-07-14 20:52:22,43.7444,135.2892,64.24,96,32,2.44
192,Livingston,GB,2021-07-14 20:52:22,55.9029,-3.5226,63.27,80,75,13.8
193,Leh,IN,2021-07-14 20:52:22,34.1667,77.5833,60.31,53,23,5.59
194,Margate,GB,2021-07-14 20:49:49,51.3813,1.3862,67.95,81,2,1.99
195,Abha,SA,2021-07-14 20:52:23,18.2164,42.5053,69.62,78,0,0.0
196,Kruisfontein,ZA,2021-07-14 20:52:23,-34.0033,24.7314,45.97,58,22,5.68
197,Yoichi,JP,2021-07-14 20:52:23,43.2039,140.7703,64.22,78,20,4.5
198,Tayga,RU,2021-07-14 20:52:24,56.06,85.6197,59.25,93,100,6.22
199,Vila Franca Do Campo,PT,2021-07-14 20:52:24,37.7167,-25.4333,70.21,76,15,5.21
200,Saint Stephen,GB,2021-07-14 20:51:04,50.3333,-4.9,62.82,92,24,8.61
201,Helong,CN,2021-07-14 20:52:25,42.5397,128.9972,69.84,97,52,2.48
202,Yumen,CN,2021-07-14 20:52:25,40.2833,97.2,72.66,47,83,5.1
203,Paamiut,GL,2021-07-14 20:52:25,61.994,-49.6678,43.02,96,87,8.25
204,Qaanaaq,GL,2021-07-14 20:52:26,77.484,-69.3632,39.04,93,100,2.3
205,Hobart,AU,2021-07-14 20:52:26,-42.8794,147.3294,49.12,94,75,0.0
206,Soto La Marina,MX,2021-07-14 20:52:26,23.7667,-98.2167,89.2,52,100,10.67
207,Oyama,JP,2021-07-14 20:52:26,36.3,139.8,77.59,91,98,3.83
208,Mahajanga,MG,2021-07-14 20:52:27,-15.7167,46.3167,71.62,64,20,4.61
209,Mount Gambier,AU,2021-07-14 20:47:30,-37.8333,140.7667,53.51,94,75,11.5
210,Gull Lake,CA,2021-07-14 20:52:27,50.1001,-108.4847,83.46,30,1,9.51
211,Olden,NO,2021-07-14 20:52:28,61.8364,6.8064,68.74,89,68,4.07
212,Poum,NC,2021-07-14 20:52:22,-20.2333,164.0167,70.16,72,81,18.16
213,Rumuruti,KE,2021-07-14 20:52:28,0.267,36.5389,59.65,90,100,6.29
214,Ciudad Bolivar,VE,2021-07-14 20:52:28,8.1222,-63.5497,86.09,60,98,8.79
215,Kiama,AU,2021-07-14 20:52:29,-34.6833,150.8667,60.58,76,3,1.99
216,Souillac,MU,2021-07-14 20:52:29,-20.5167,57.5167,70.36,78,40,11.5
217,Fortuna,US,2021-07-14 20:52:29,40.5982,-124.1573,94.48,88,90,12.66
218,Malatya,TR,2021-07-14 20:52:30,38.5,38.0,73.45,36,0,20.71
219,Trincomalee,LK,2021-07-14 20:52:30,8.5711,81.2335,80.06,78,100,15.08
220,Krasnyy Oktyabr,RU,2021-07-14 20:52:30,56.1167,38.8833,71.29,80,85,2.8
221,San,ML,2021-07-14 20:52:31,13.3034,-4.8956,92.19,38,100,5.12
222,Westport,US,2021-07-14 20:51:27,41.1415,-73.3579,90.05,80,1,1.01
223,Danville,US,2021-07-14 20:52:31,36.586,-79.395,88.03,69,1,5.75
224,Yulin,CN,2021-07-14 20:52:31,22.6333,110.15,77.36,90,19,3.22
225,Faanui,PF,2021-07-14 20:52:32,-16.4833,-151.75,79.61,72,57,18.54
226,Cherskiy,RU,2021-07-14 20:52:32,68.75,161.3,57.74,62,39,13.58
227,Ancud,CL,2021-07-14 20:52:32,-41.8697,-73.8203,49.53,82,65,6.4
228,Cayenne,GF,2021-07-14 20:52:33,4.9333,-52.3333,82.09,83,0,1.99
229,Rosetta,EG,2021-07-14 20:52:33,31.4044,30.4164,78.62,69,0,9.13
230,Erenhot,CN,2021-07-14 20:51:02,43.6475,111.9767,76.95,46,100,1.88
231,Alihe,CN,2021-07-14 20:52:34,50.5667,123.7167,67.77,99,57,2.33
232,Opuwo,NA,2021-07-14 20:52:34,-18.0607,13.84,59.45,35,0,9.15
233,Bireun,ID,2021-07-14 20:52:34,5.203,96.7009,76.17,85,100,4.18
234,Plastun,RU,2021-07-14 20:52:35,44.7561,136.2939,65.79,89,30,2.82
235,Bouake,CI,2021-07-14 20:52:35,7.6895,-5.0218,77.11,88,99,4.61
236,Graaff-Reinet,ZA,2021-07-14 20:52:35,-32.2522,24.5308,42.69,30,0,7.31
237,Panguipulli,CL,2021-07-14 20:52:36,-39.6333,-72.3333,46.11,93,99,1.39
238,Cesvaine,LV,2021-07-14 20:52:36,56.9667,26.3167,65.17,94,22,1.03
239,Acajutla,SV,2021-07-14 20:52:36,13.5928,-89.8275,93.79,69,67,3.49
240,Kaitangata,NZ,2021-07-14 20:52:37,-46.2817,169.8464,43.93,65,77,6.31
241,Mao,ES,2021-07-14 20:52:37,39.8885,4.2658,72.16,73,20,4.61
242,Katsuura,JP,2021-07-14 20:52:38,35.1333,140.3,76.19,88,85,4.25
243,Biggar,GB,2021-07-14 20:52:38,55.6167,-3.5167,62.69,90,76,10.78
244,Kurchum,KZ,2021-07-14 20:52:39,48.5722,83.6542,64.49,54,41,4.72
245,Pingyin,CN,2021-07-14 20:52:39,36.2831,116.4453,79.07,92,99,2.3
246,Adrar,MR,2021-07-14 20:52:39,20.5022,-10.0711,101.05,12,48,8.97
247,Nishihara,JP,2021-07-14 20:47:44,26.1842,127.7558,82.45,86,40,5.75
248,Totskoye,RU,2021-07-14 20:52:40,52.5248,52.7623,62.73,54,6,2.42
249,Yueyang,CN,2021-07-14 20:52:40,29.3333,113.0919,82.6,65,99,11.05
250,Flin Flon,CA,2021-07-14 20:50:55,54.7682,-101.865,80.87,25,95,6.6
251,Dingle,PH,2021-07-14 20:52:40,10.9995,122.6711,76.33,89,90,1.7
252,Calvia,ES,2021-07-14 20:52:41,39.5657,2.5062,73.58,44,11,7.23
253,Nanchong,CN,2021-07-14 20:52:41,30.7951,106.0847,77.99,96,100,8.7
254,Te Anau,NZ,2021-07-14 20:48:25,-45.4167,167.7167,45.0,93,100,0.76
255,Alofi,NU,2021-07-14 20:48:06,-19.0595,-169.9187,78.69,89,75,6.91
256,Namatanai,PG,2021-07-14 20:52:41,-3.6667,152.4333,79.99,83,79,7.7
257,Kahului,US,2021-07-14 20:52:42,20.8947,-156.47,84.22,69,20,19.57
258,Shingu,JP,2021-07-14 20:52:42,33.7333,135.9833,74.91,91,89,2.51
259,Cobija,BO,2021-07-14 20:52:42,-11.0267,-68.7692,91.58,52,75,8.05
260,Tanete,ID,2021-07-14 20:52:43,-3.9443,119.7848,73.04,95,99,4.14
261,Lusambo,CD,2021-07-14 20:52:43,-4.9667,23.45,68.97,32,17,1.88
262,Sarab,IR,2021-07-14 20:52:43,38.6066,44.9883,66.6,71,32,4.65
263,Mayo,US,2021-07-14 20:52:44,38.8876,-76.5119,92.17,72,75,8.01
264,Alingsas,SE,2021-07-14 20:52:44,57.9303,12.5335,72.59,85,47,2.04
265,Constitucion,CL,2021-07-14 20:52:44,-35.3333,-72.4167,52.93,68,0,12.97
266,Grand Gaube,MU,2021-07-14 20:52:45,-20.0064,57.6608,70.38,70,95,4.0
267,Denpasar,ID,2021-07-14 20:49:25,-8.65,115.2167,78.46,83,20,10.36
268,Malavalli,IN,2021-07-14 20:52:45,12.3833,77.0833,71.17,86,100,11.16
269,Vila,PT,2021-07-14 20:52:46,42.0304,-8.1588,60.75,65,91,6.15
270,Hasaki,JP,2021-07-14 20:52:46,35.7333,140.8333,72.28,91,96,7.09
271,Noumea,NC,2021-07-14 20:52:46,-22.2763,166.4572,66.0,99,13,9.1
272,Jabonga,PH,2021-07-14 20:52:47,9.3431,125.5156,77.4,88,7,3.47
273,Jambi,ID,2021-07-14 20:52:47,-1.6,103.6167,69.49,97,100,2.15
274,Ystad,SE,2021-07-14 20:52:47,55.4297,13.8204,70.54,92,60,6.46
275,Talwara,IN,2021-07-14 20:52:48,31.9486,75.8667,81.68,75,60,4.81
276,Kafue,ZM,2021-07-14 20:52:48,-15.7691,28.1814,62.98,49,73,5.03
277,Caravelas,BR,2021-07-14 20:52:49,-17.7125,-39.2481,71.31,85,0,4.47
278,Teya,RU,2021-07-14 20:52:49,60.3778,92.6267,57.63,89,59,3.09
279,Rabaul,PG,2021-07-14 20:52:49,-4.1967,152.1721,80.26,78,98,7.67
280,Nanortalik,GL,2021-07-14 20:52:50,60.1432,-45.2371,49.77,74,29,9.26
281,Caiaponia,BR,2021-07-14 20:52:50,-16.9567,-51.8103,75.63,29,0,4.47
282,Synya,RU,2021-07-14 20:52:51,65.3718,58.0387,55.27,50,97,4.92
283,Lagoa,PT,2021-07-14 20:49:00,39.05,-27.9833,68.63,83,100,14.09
284,Harnosand,SE,2021-07-14 20:52:51,62.6323,17.9379,66.99,94,98,5.23
285,Inhambane,MZ,2021-07-14 20:52:52,-23.865,35.3833,69.04,61,100,13.94
286,Angoche,MZ,2021-07-14 20:52:52,-16.2325,39.9086,73.54,76,8,9.69
287,Asau,RO,2021-07-14 20:52:52,46.4333,26.4,70.72,93,0,3.65
288,Mishan,CN,2021-07-14 20:52:53,45.55,131.8833,68.58,94,65,4.12
289,Half Moon Bay,US,2021-07-14 20:52:53,37.4636,-122.4286,88.81,65,20,1.99
290,Taoudenni,ML,2021-07-14 20:48:12,22.6783,-3.9836,103.5,4,0,9.22
291,Dire,ML,2021-07-14 20:52:53,12.2833,-10.9667,78.37,80,97,1.86
292,Touros,BR,2021-07-14 20:52:54,-5.1989,-35.4608,81.5,76,100,15.59
293,Sinnamary,GF,2021-07-14 20:52:54,5.3833,-52.95,80.37,81,79,9.15
294,Simpang,ID,2021-07-14 20:52:55,-1.2667,104.0833,69.03,97,100,2.53
295,Gainesville,US,2021-07-14 20:50:09,29.6516,-82.3248,89.73,75,90,1.01
296,Manicore,BR,2021-07-14 20:52:55,-5.8092,-61.3003,91.35,55,0,4.61
297,Santa Isabel Do Rio Negro,BR,2021-07-14 20:52:55,-0.4139,-65.0192,79.59,82,100,2.28
298,Esperance,AU,2021-07-14 20:52:56,-33.8667,121.9,49.84,65,71,34.81
299,Andenes,NO,2021-07-14 20:52:56,69.3143,16.1194,54.46,87,0,5.75
300,Nouakchott,MR,2021-07-14 20:49:19,18.0858,-15.9785,75.13,82,0,13.47
301,Nemuro,JP,2021-07-14 20:52:56,43.3236,145.575,59.02,98,98,3.04
302,Takaka,NZ,2021-07-14 20:52:57,-40.85,172.8,55.56,85,100,9.01
303,Cascais,PT,2021-07-14 20:52:57,38.6979,-9.4215,76.86,48,0,13.0
304,Caluquembe,AO,2021-07-14 20:52:57,-13.7833,14.6833,57.04,38,0,2.42
305,Balotra,IN,2021-07-14 20:52:58,25.8333,72.2333,84.02,76,100,5.39
306,Ahipara,NZ,2021-07-14 20:52:58,-35.1667,173.1667,50.11,72,11,2.93
307,Ust-Ilimsk,RU,2021-07-14 20:52:58,58.0006,102.6619,61.32,75,97,3.18
308,Zaraysk,RU,2021-07-14 20:52:59,54.7653,38.8836,68.79,73,4,7.87
309,Palmares Do Sul,BR,2021-07-14 20:52:59,-30.2578,-50.5097,60.69,76,46,6.24
310,Garden City,US,2021-07-14 20:52:28,42.3256,-83.331,86.83,63,75,1.01
311,Qeshm,IR,2021-07-14 20:53:00,26.9581,56.2719,91.29,76,100,8.12
312,Saint Cloud,US,2021-07-14 20:49:39,45.5608,-94.1625,75.34,74,75,1.01
313,Teguldet,RU,2021-07-14 20:53:00,57.3064,88.1667,60.78,97,94,1.81
314,Marystown,CA,2021-07-14 20:53:00,47.1666,-55.1483,61.27,64,0,12.35
315,Aswan,EG,2021-07-14 20:53:01,24.0934,32.907,94.3,18,0,8.05
316,Verkhnyaya Inta,RU,2021-07-14 20:53:01,65.9811,60.3094,56.61,53,100,2.91
317,Ilulissat,GL,2021-07-14 20:53:02,69.2167,-51.1,36.91,98,100,13.42
318,Aurillac,FR,2021-07-14 20:53:02,44.9167,2.45,57.45,98,85,2.3
319,Moindou,NC,2021-07-14 20:53:02,-21.6924,165.677,55.35,67,21,5.97
320,Kyra,RU,2021-07-14 20:53:03,49.5776,111.9753,54.09,94,4,4.12
321,Doume,CM,2021-07-14 20:53:03,4.2333,13.45,68.29,98,100,2.37
322,Praia,CV,2021-07-14 20:53:04,14.9215,-23.5087,79.34,73,20,8.05
323,Victoria,HK,2021-07-14 20:53:04,22.2855,114.1577,87.33,85,18,1.01
324,Auki,SB,2021-07-14 20:53:04,-8.7676,160.7034,80.2,81,81,4.85
325,Nizwa,OM,2021-07-14 20:53:05,22.9333,57.5333,85.86,62,100,1.9
326,Beringovskiy,RU,2021-07-14 20:53:05,63.05,179.3167,56.61,72,9,8.08
327,Okhotsk,RU,2021-07-14 20:53:05,59.3833,143.3,65.7,58,0,11.14
328,Cockburn Town,TC,2021-07-14 20:53:06,21.4612,-71.1419,84.16,65,40,9.22
329,Sangin,AF,2021-07-14 20:53:06,32.0728,64.8359,92.44,17,0,6.55
330,Basco,PH,2021-07-14 20:53:06,20.4487,121.9702,83.8,78,83,13.56
331,Champerico,GT,2021-07-14 20:53:06,14.3,-91.9167,91.94,70,94,6.17
332,Traiguen,CL,2021-07-14 20:53:07,-38.25,-72.6833,49.77,76,52,1.77
333,Dawlatabad,AF,2021-07-14 20:53:07,36.4141,64.9053,81.41,22,3,3.09
334,Weyburn,CA,2021-07-14 20:53:08,49.6668,-103.8511,85.17,26,3,5.37
335,Puerto Del Rosario,ES,2021-07-14 20:53:08,28.5004,-13.8627,74.95,60,0,13.8
336,Sorland,NO,2021-07-14 20:53:09,67.667,12.6934,55.92,82,75,8.84
337,Fort Smith,US,2021-07-14 20:50:04,35.3859,-94.3986,93.69,46,1,9.22
338,Jiaozuo,CN,2021-07-14 20:53:09,35.2397,113.2331,77.27,82,69,5.21
339,Sitka,US,2021-07-14 20:53:10,57.0531,-135.33,57.33,78,100,4.81
340,Navirai,BR,2021-07-14 20:51:13,-23.065,-54.1906,75.2,32,93,4.27
341,Klaksvik,FO,2021-07-14 20:53:10,62.2266,-6.589,52.72,90,84,25.03
342,Afyonkarahisar,TR,2021-07-14 20:53:10,38.75,30.6667,66.47,62,0,4.32
343,Pierre,US,2021-07-14 20:49:49,44.3683,-100.351,89.06,58,90,10.0
344,Port Hedland,AU,2021-07-14 20:53:11,-20.3167,118.5667,62.65,67,14,9.22
345,Dolores,AR,2021-07-14 20:53:11,-36.3132,-57.6792,48.52,72,100,7.9
346,Boshnyakovo,RU,2021-07-14 20:53:11,49.6333,142.1667,63.28,93,100,3.47
347,Bangassou,CF,2021-07-14 20:53:12,4.7413,22.8184,69.73,98,99,1.9
348,Port Augusta,AU,2021-07-14 20:52:43,-32.5,137.7667,50.14,71,76,7.65
349,New Waterford,US,2021-07-14 20:50:09,40.8451,-80.6145,84.85,59,50,1.99
350,Rocha,UY,2021-07-14 20:53:12,-34.4833,-54.3333,51.64,94,100,6.62
351,Kaseda,JP,2021-07-14 20:49:52,31.4167,130.3167,77.45,88,1,4.74
352,Puerto Escondido,MX,2021-07-14 20:51:35,15.85,-97.0667,86.79,62,100,5.64
353,Atar,MR,2021-07-14 20:53:13,20.5169,-13.0499,97.45,20,0,6.33
354,Abay,KZ,2021-07-14 20:51:00,49.6311,72.8539,50.38,93,79,10.09
355,Kaili,ID,2021-07-14 20:53:13,-3.4626,120.2147,66.79,98,100,1.72
356,Nome,US,2021-07-14 20:53:14,64.5011,-165.4064,51.17,88,96,6.58
357,Carnarvon,AU,2021-07-14 20:53:14,-24.8667,113.6333,57.27,55,75,8.05
358,Alice Springs,AU,2021-07-14 20:53:14,-23.7,133.8833,53.15,94,75,0.0
359,Marawi,PH,2021-07-14 20:53:16,7.9986,124.2928,68.65,94,68,2.04
360,Ngunguru,NZ,2021-07-14 20:53:16,-35.6167,174.5,47.16,71,6,6.06
361,Soyo,AO,2021-07-14 20:53:16,-6.1349,12.3689,71.69,89,30,10.49
362,Korla,CN,2021-07-14 20:53:17,41.7597,86.1469,75.18,40,29,1.52
363,Hambantota,LK,2021-07-14 20:53:17,6.1241,81.1185,78.89,79,96,11.54
364,Berlevag,NO,2021-07-14 20:53:17,70.8578,29.0864,49.8,93,75,12.66
365,Skibotn,NO,2021-07-14 20:53:18,69.3913,20.2679,56.46,82,51,1.54
366,Meulaboh,ID,2021-07-14 20:53:18,4.1363,96.1285,75.43,86,94,2.3
367,Tahta,EG,2021-07-14 20:53:18,26.7693,31.5021,89.92,21,38,6.02
368,Moa,CU,2021-07-14 20:53:19,20.6569,-74.9403,82.65,72,82,11.36
369,Mehamn,NO,2021-07-14 20:53:19,71.0357,27.8492,48.11,88,80,6.8
370,Coihaique,CL,2021-07-14 20:53:19,-45.5752,-72.0662,43.41,65,75,5.75
371,Saint-Georges,GD,2021-07-14 20:53:20,12.0564,-61.7485,85.68,70,20,18.41
372,Lamar,US,2021-07-14 20:53:20,33.6668,-95.5836,92.64,55,75,10.36
373,Pangnirtung,CA,2021-07-14 20:53:20,66.1451,-65.7125,51.71,61,71,8.1
374,Geraldton,AU,2021-07-14 20:53:21,-28.7667,114.6,61.21,63,75,12.66
375,Methoni,GR,2021-07-14 20:53:21,36.8197,21.7049,82.22,74,0,11.39
376,Hamilton,US,2021-07-14 20:48:44,39.1834,-84.5333,88.36,59,40,1.01
377,Neiafu,TO,2021-07-14 20:50:33,-18.65,-173.9833,79.48,89,40,5.75
378,Ceres,US,2021-07-14 20:49:26,37.5949,-120.9577,100.8,39,1,4.61
379,Elban,RU,2021-07-14 20:53:22,50.1018,136.5094,71.29,98,100,1.14
380,Yar,RU,2021-07-14 20:53:22,58.249,52.1026,57.92,65,71,1.95
381,Storsteinnes,NO,2021-07-14 20:53:23,69.2408,19.2344,56.37,77,52,2.19
382,Blackwater,AU,2021-07-14 20:53:23,-23.5833,148.8833,60.98,93,66,6.87
383,Houma,US,2021-07-14 20:52:40,29.5958,-90.7195,91.0,64,63,8.01
384,Kodiak,US,2021-07-14 20:53:23,57.79,-152.4072,58.51,72,75,11.5
385,Chumikan,RU,2021-07-14 20:53:24,54.7183,135.315,59.25,74,100,4.18
386,Namibe,AO,2021-07-14 20:53:24,-15.1961,12.1522,66.13,83,99,7.34
387,Luderitz,NA,2021-07-14 20:53:24,-26.6481,15.1594,58.96,34,0,8.25
388,Guane,CU,2021-07-14 20:53:26,22.2025,-84.0875,88.36,63,53,8.66
389,Uzyn,UA,2021-07-14 20:53:26,49.8262,30.4149,80.06,71,0,3.78
390,Ojinaga,MX,2021-07-14 20:53:26,29.5667,-104.4167,95.58,29,1,4.61
391,Barillas,GT,2021-07-14 20:53:27,15.8036,-91.3158,80.94,90,86,4.25
392,Chongwe,ZM,2021-07-14 20:53:27,-15.3292,28.682,60.8,40,32,4.94
393,Port Hawkesbury,CA,2021-07-14 20:53:27,45.6169,-61.3485,72.01,68,91,4.0
394,Ostrovnoy,RU,2021-07-14 20:53:28,68.0531,39.5131,50.27,96,100,19.66
395,Kabelvag,NO,2021-07-14 20:53:28,68.2114,14.4817,61.54,81,16,5.17
396,Keti Bandar,PK,2021-07-14 20:53:28,24.1447,67.4497,84.94,83,92,5.32
397,Pacific Grove,US,2021-07-14 20:53:29,36.6177,-121.9166,86.02,85,90,5.01
398,Lakselv,NO,2021-07-14 20:53:29,70.0513,24.9718,57.02,67,0,3.44
399,Cotonou,BJ,2021-07-14 20:53:29,6.3654,2.4183,80.58,83,40,13.8
400,Bosaso,SO,2021-07-14 20:53:31,11.2842,49.1816,89.6,45,77,24.25
401,Wum,CM,2021-07-14 20:53:31,6.3833,10.0667,65.75,96,100,1.3
402,Point Fortin,TT,2021-07-14 20:53:31,10.1833,-61.6833,87.73,72,13,10.36
403,Ntcheu,MW,2021-07-14 20:53:32,-14.8203,34.6359,61.36,63,7,7.9
404,Turukhansk,RU,2021-07-14 20:53:32,65.8167,87.9833,48.24,60,91,7.78
405,Nacala,MZ,2021-07-14 20:53:32,-14.5428,40.6728,71.37,80,0,6.87
406,Marcovia,HN,2021-07-14 20:53:33,13.2881,-87.3097,95.45,55,40,9.22
407,Okha,RU,2021-07-14 20:53:33,53.5739,142.9478,63.07,76,6,10.22
408,Hailey,US,2021-07-14 20:53:33,43.5196,-114.3153,85.89,26,1,5.75
409,Eau Claire,US,2021-07-14 20:50:23,44.8114,-91.4985,70.77,91,90,1.01
410,Luba,GQ,2021-07-14 20:53:34,3.4568,8.5547,75.09,87,68,7.54
411,Marsh Harbour,BS,2021-07-14 20:53:34,26.5412,-77.0636,82.54,72,8,14.7
412,Jurm,AF,2021-07-14 20:53:34,36.8648,70.8342,65.5,45,0,0.96
413,Orange Cove,US,2021-07-14 20:53:35,36.6244,-119.3137,104.85,27,1,9.22
414,Shihezi,CN,2021-07-14 20:53:35,44.3,86.0333,72.48,53,81,1.92
415,Newport,GB,2021-07-14 20:53:35,51.5877,-2.9984,66.07,87,75,6.46
416,Kulachi,PK,2021-07-14 20:53:36,31.9286,70.4592,91.29,54,10,5.91
417,Natal,BR,2021-07-14 20:53:36,-5.795,-35.2094,81.25,74,75,11.5
418,Ust-Nera,RU,2021-07-14 20:49:01,64.5667,143.2,65.5,55,62,8.68
419,Ketchikan,US,2021-07-14 20:53:36,55.3422,-131.6461,61.0,60,100,3.6
420,Valentin Gomez Farias,MX,2021-07-14 20:53:37,28.2167,-106.5833,82.17,27,11,10.94
421,Cruzeiro Do Sul,BR,2021-07-14 20:50:15,-29.5128,-51.9853,70.09,82,13,2.51
422,Qasigiannguit,GL,2021-07-14 20:53:37,68.8193,-51.1922,38.88,98,100,10.0
423,Ovre Ardal,NO,2021-07-14 20:53:38,61.3167,7.8,63.05,80,7,2.86
424,Rio Grande,BR,2021-07-14 20:53:38,-32.035,-52.0986,62.71,97,100,7.58
425,Jizan,SA,2021-07-14 20:53:39,17.3333,42.6667,90.54,53,98,6.76
426,Constantine,DZ,2021-07-14 20:52:28,36.365,6.6147,71.01,56,20,4.61
427,Bonavista,CA,2021-07-14 20:53:39,48.6499,-53.1147,64.42,60,5,11.7
428,Kankaanpaa,FI,2021-07-14 20:53:39,61.8,22.4167,68.81,69,5,4.34
429,Russell,US,2021-07-14 20:53:40,32.3502,-85.1999,92.35,61,1,3.44
430,Katherine,AU,2021-07-14 20:53:40,-14.4667,132.2667,64.72,77,7,5.75
431,Benghazi,LY,2021-07-14 20:53:40,32.1167,20.0667,80.83,69,0,12.33
432,Puerto Cabezas,NI,2021-07-14 20:53:41,14.0351,-83.3888,87.76,79,40,9.22
433,Taldan,RU,2021-07-14 20:53:41,53.6667,124.8,67.12,99,99,6.42
434,Laguna,US,2021-07-14 20:53:42,38.421,-121.4238,101.43,36,1,3.0
435,Mana,GF,2021-07-14 20:53:42,5.6592,-53.7767,79.2,87,89,10.71
436,Boyolangu,ID,2021-07-14 20:53:42,-8.1181,111.8935,72.48,87,89,5.28
437,Hobyo,SO,2021-07-14 20:53:43,5.3505,48.5268,77.58,78,44,26.89
438,Zhigansk,RU,2021-07-14 20:53:43,66.7697,123.3711,48.49,55,0,10.63
439,Kungsbacka,SE,2021-07-14 20:53:43,57.4872,12.0761,73.31,85,28,1.99
440,Egvekinot,RU,2021-07-14 20:53:44,66.3167,-179.1667,49.93,76,53,7.34
441,Ndioum,SN,2021-07-14 20:53:44,16.5129,-14.6471,89.19,45,75,19.15
442,Sakakah,SA,2021-07-14 20:53:44,29.9697,40.2064,94.57,18,4,12.57
443,Andros Town,BS,2021-07-14 20:53:45,24.7,-77.7667,87.76,67,5,15.43
444,Birao,CF,2021-07-14 20:53:45,10.2849,22.7882,70.79,93,96,2.91
445,Paranhos,BR,2021-07-14 20:53:45,-23.8928,-55.4311,77.02,30,81,5.86
446,Conceicao Do Araguaia,BR,2021-07-14 20:53:46,-8.2578,-49.2647,85.64,31,3,1.03
447,Hoi An,VN,2021-07-14 20:53:46,15.8794,108.335,80.56,91,100,6.06
448,Hede,CN,2021-07-14 20:53:46,33.7681,120.2517,76.32,96,74,8.77
449,Mar Del Plata,AR,2021-07-14 20:53:47,-38.0023,-57.5575,52.09,68,0,8.01
450,Narsaq,GL,2021-07-14 20:53:47,60.9167,-46.05,55.36,68,29,4.23
451,Vestmanna,FO,2021-07-14 20:53:47,62.1564,-7.1664,50.92,93,75,25.32
452,Petropavl,KZ,2021-07-14 20:53:48,54.8753,69.1628,48.15,59,100,15.64
453,Flinders,AU,2021-07-14 20:53:48,-34.5833,150.8552,60.39,81,4,1.01
454,Aykhal,RU,2021-07-14 20:53:48,66.0,111.5,47.79,62,13,3.83
455,Bruckmuhl,DE,2021-07-14 20:53:50,47.8833,11.9167,60.55,96,98,4.9
456,Sao Joao Da Barra,BR,2021-07-14 20:53:50,-21.6403,-41.0511,75.29,87,37,12.62
457,Vizianagaram,IN,2021-07-14 20:53:50,18.1167,83.4167,80.11,85,84,4.41
458,Trinidad,BO,2021-07-14 20:53:51,-14.8333,-64.9,91.38,52,20,10.36
459,Havelock,US,2021-07-14 20:53:51,34.8791,-76.9013,89.83,73,26,5.01
460,Stornoway,GB,2021-07-14 20:53:51,58.2093,-6.3865,59.94,82,90,17.27
461,Tahe,CN,2021-07-14 20:53:52,52.3333,124.7333,65.75,99,55,2.82
462,Nantucket,US,2021-07-14 20:53:52,41.2835,-70.0995,80.94,95,35,11.07
463,Atbasar,KZ,2021-07-14 20:53:53,51.8,68.3333,48.54,84,94,4.9
464,Ola,RU,2021-07-14 20:53:53,59.5833,151.2833,55.56,87,100,3.71
465,Navalcarnero,ES,2021-07-14 20:53:54,40.2891,-4.012,78.39,34,100,3.98
466,Guanay,BO,2021-07-14 20:53:54,-15.4975,-67.8797,80.51,66,87,2.26
467,Harindanga,IN,2021-07-14 20:53:54,22.0383,88.3214,84.18,84,74,6.8
468,Tamandare,BR,2021-07-14 20:53:12,-8.7597,-35.1047,75.67,86,32,9.06
469,Vanderhoof,CA,2021-07-14 20:53:55,54.0166,-124.0198,80.67,24,25,7.76
470,Shu,KZ,2021-07-14 20:53:55,43.5983,73.7614,67.84,45,2,3.62
471,Tigil,RU,2021-07-14 20:53:55,57.8,158.6667,55.04,84,100,27.18
472,Shanghai,CN,2021-07-14 20:50:48,31.2222,121.4581,82.26,82,0,13.42
473,Esso,RU,2021-07-14 20:53:56,55.9333,158.7,63.07,67,60,14.16
474,San Carlos De Bariloche,AR,2021-07-14 20:51:13,-41.1456,-71.3082,46.15,61,40,27.63
475,Trairi,BR,2021-07-14 20:51:18,-3.2778,-39.2689,79.14,78,17,12.88
476,Karasburg,NA,2021-07-14 20:53:56,-28.0167,18.75,41.7,26,0,11.81
477,San Jeronimo,PE,2021-07-14 20:53:56,-11.9472,-75.2829,63.3,42,33,7.34
478,Kargopol,RU,2021-07-14 20:53:57,61.5071,38.9456,67.17,63,90,2.37
479,Ust-Kuyga,RU,2021-07-14 20:53:57,70.0167,135.6,47.37,57,11,18.57
480,North Bend,US,2021-07-14 20:51:38,43.4065,-124.2243,75.24,70,1,20.71
481,Axim,GH,2021-07-14 20:53:57,4.8699,-2.2405,76.95,82,100,10.63
482,Acari,PE,2021-07-14 20:53:58,-15.4311,-74.6158,68.09,70,42,7.83
483,Pryazha,RU,2021-07-14 20:53:58,61.6926,33.6216,67.23,59,53,4.14
484,Chapais,CA,2021-07-14 20:53:58,49.7834,-74.8492,67.8,78,75,11.12
485,Badamdar,AZ,2021-07-14 20:53:59,40.3394,49.8039,75.15,59,100,23.15
486,Kuryk,KZ,2021-07-14 20:53:59,43.2,51.65,79.81,38,67,7.49
487,Van,TR,2021-07-14 20:53:59,38.4924,43.3831,65.32,67,21,6.24
488,Henties Bay,NA,2021-07-14 20:54:00,-22.116,14.2845,57.85,64,0,10.2
489,Suntar,RU,2021-07-14 20:54:00,62.1444,117.6319,63.3,78,100,9.8
490,Camana,PE,2021-07-14 20:54:00,-16.6228,-72.7111,61.97,84,60,10.42
491,Male,MV,2021-07-14 20:54:01,4.1748,73.5089,82.35,89,20,0.0
492,College,US,2021-07-14 20:54:01,64.8569,-147.8028,63.21,87,90,11.5
493,Lompoc,US,2021-07-14 20:54:01,34.6391,-120.4579,84.34,71,1,14.97
494,Morehead,US,2021-07-14 20:54:02,37.2711,-87.1764,89.15,59,1,5.75
495,Uribia,CO,2021-07-14 20:50:13,11.7139,-72.266,93.61,39,88,18.05
496,Nicoya,CR,2021-07-14 20:54:02,10.1483,-85.452,85.55,83,83,5.66
497,Guerrero Negro,MX,2021-07-14 20:54:03,27.9769,-114.0611,81.03,51,99,13.62
498,Sterling,US,2021-07-14 20:54:03,39.0062,-77.4286,90.37,67,90,1.01
499,Cascas,PE,2021-07-14 20:54:03,-7.4833,-78.8167,85.78,57,36,6.89
500,Lorengau,PG,2021-07-14 20:54:04,-2.0226,147.2712,81.45,80,87,8.86
501,Porto Walter,BR,2021-07-14 20:54:04,-8.2686,-72.7439,85.44,53,81,2.19
502,Nizhniy Odes,RU,2021-07-14 20:54:04,63.6445,54.856,58.15,70,98,3.29
503,Kabin Buri,TH,2021-07-14 20:54:05,13.9511,101.7177,76.64,92,100,0.22
504,Labuhan,ID,2021-07-14 20:54:05,-6.8844,112.2051,75.51,78,100,10.07
505,Alyangula,AU,2021-07-14 20:54:05,-13.8483,136.4192,64.27,100,40,0.0
506,Tiarei,PF,2021-07-14 20:54:06,-17.5333,-149.3333,82.42,70,17,20.09
507,Bubaque,GW,2021-07-14 20:54:06,11.2833,-15.8333,80.37,82,100,12.41
508,Bom Jesus,BR,2021-07-14 20:53:13,-9.0744,-44.3586,85.57,29,1,6.71
509,Mandalgovi,MN,2021-07-14 20:51:49,45.7625,106.2708,64.4,51,35,7.43
510,Governador Valadares,BR,2021-07-14 20:51:03,-18.8511,-41.9494,71.4,66,61,0.49
511,Kholm,RU,2021-07-14 20:54:07,59.2667,32.85,67.75,93,86,2.77
512,Ndende,GA,2021-07-14 20:54:07,-2.4008,11.3581,72.45,73,80,4.63
513,Umm Kaddadah,SD,2021-07-14 20:54:07,13.6017,26.6876,81.1,53,100,4.16
514,Kutum,SD,2021-07-14 20:54:08,14.2,24.6667,78.75,46,100,11.45
515,Vanimo,PG,2021-07-14 20:54:08,-2.6741,141.3028,77.41,90,98,5.44
516,Sabang,ID,2021-07-14 20:54:08,5.8933,95.3214,82.02,74,92,21.0
517,Waingapu,ID,2021-07-14 20:54:09,-9.6567,120.2641,71.26,83,10,8.43
518,Phibun Mangsahan,TH,2021-07-14 20:54:09,15.2447,105.2291,71.58,92,100,6.02
519,Stokmarknes,NO,2021-07-14 20:54:09,68.5646,14.9108,61.5,86,25,4.76
520,Beyneu,KZ,2021-07-14 20:54:10,45.3167,55.2,81.77,32,9,7.07
521,Camacupa,AO,2021-07-14 20:54:10,-12.0167,17.4833,60.06,37,69,4.03
522,Burnie,AU,2021-07-14 20:54:11,-41.0667,145.9167,51.21,95,100,2.17
523,Fez,MA,2021-07-14 20:52:00,34.0372,-4.9998,84.45,34,0,6.91
524,Glens Falls,US,2021-07-14 20:52:15,43.3095,-73.644,82.81,82,40,1.01
525,Makat,KZ,2021-07-14 20:54:11,47.6469,53.3463,76.73,22,0,6.71
526,Berezayka,RU,2021-07-14 20:54:11,57.9883,33.9036,65.71,94,68,3.58
527,Sao Felix Do Xingu,BR,2021-07-14 20:54:12,-6.6447,-51.995,85.28,39,25,2.21
528,Charagua,BO,2021-07-14 20:54:12,-19.8,-63.2167,80.17,43,25,10.29
529,Gubkinskiy,RU,2021-07-14 20:54:12,64.434,76.5026,46.62,65,79,13.98
530,Huanren,CN,2021-07-14 20:54:13,41.2647,125.3667,71.29,97,90,3.89
531,Ponta Delgada,PT,2021-07-14 20:54:13,37.7333,-25.6667,70.52,73,40,9.22
532,Sudzha,RU,2021-07-14 20:54:13,51.1976,35.2726,69.55,60,0,1.54
533,Quatre Cocos,MU,2021-07-14 20:54:14,-20.2078,57.7625,69.91,66,100,12.35
534,Tambovka,RU,2021-07-14 20:54:14,50.0969,128.0489,73.51,96,71,10.02
535,Okakarara,NA,2021-07-14 20:54:14,-20.5833,17.4333,44.47,39,0,7.16
536,Kedougou,SN,2021-07-14 20:54:15,12.5579,-12.1743,82.02,72,60,8.21
537,San Vicente,AR,2021-07-14 20:54:15,-26.6167,-54.1333,68.88,50,97,3.74
538,Fort Madison,US,2021-07-14 20:49:27,40.6298,-91.3151,86.72,74,1,10.36
539,Penzance,GB,2021-07-14 20:54:16,50.1186,-5.5371,61.48,91,64,10.36
540,Northam,GB,2021-07-14 20:54:16,51.0333,-4.2167,64.29,92,38,7.2
541,Saldanha,ZA,2021-07-14 20:54:16,-33.0117,17.9442,44.65,62,10,4.52
542,Escuinapa,MX,2021-07-14 20:54:17,22.85,-105.8,92.93,46,72,10.54
543,Chaplynka,UA,2021-07-14 20:54:17,46.3651,33.5403,73.8,51,0,8.48
544,Kumluca,TR,2021-07-14 20:54:17,36.3703,30.2869,85.32,48,0,3.49
545,Fountain,US,2021-07-14 20:54:19,38.6822,-104.7008,79.75,44,40,18.41
546,Cavalcante,BR,2021-07-14 20:54:19,-13.7975,-47.4583,72.84,37,0,3.8
547,Tamisan,PH,2021-07-14 20:54:20,6.8437,126.2984,78.13,84,36,2.1
548,Gat,IL,2021-07-14 20:50:38,31.61,34.7642,79.48,77,0,2.24
549,Goure,NE,2021-07-14 20:54:20,13.9835,10.2704,92.3,37,97,9.93
550,Freital,DE,2021-07-14 20:54:20,51.0017,13.6488,70.05,76,40,1.01
551,Melnik,CZ,2021-07-14 20:54:21,50.3505,14.4741,66.78,94,72,4.5
552,Balclutha,NZ,2021-07-14 20:54:21,-46.2339,169.75,43.61,65,79,3.78
553,Sumbe,AO,2021-07-14 20:54:21,-11.2061,13.8437,69.28,89,5,8.79
554,Berbera,SO,2021-07-14 20:54:22,10.4396,45.0143,90.9,43,88,26.08
555,Oranjemund,NA,2021-07-14 20:54:22,-28.55,16.4333,55.09,53,0,5.66
556,Humaita,BR,2021-07-14 20:54:22,-7.5061,-63.0208,93.83,35,42,2.26
557,Tiznit,MA,2021-07-14 20:54:23,29.5833,-9.5,75.9,47,45,2.06
558,Bao,PH,2021-07-14 20:54:23,13.6414,122.8314,79.18,82,41,1.97
559,Isabela,PH,2021-07-14 20:54:23,6.7085,121.9711,77.92,88,67,1.88
560,La Cumbre,AR,2021-07-14 20:54:24,-30.982,-64.4914,52.79,70,61,7.61
561,Kikwit,CD,2021-07-14 20:54:24,-5.041,18.8162,73.62,23,19,2.26
562,Vestmannaeyjar,IS,2021-07-14 20:54:24,63.4427,-20.2734,50.9,89,98,31.63
563,Halifax,CA,2021-07-14 20:49:47,44.6453,-63.5724,71.53,71,100,7.0
564,Maxixe,MZ,2021-07-14 20:54:25,-23.8597,35.3472,68.5,61,100,12.46
565,Pervoye Maya,RU,2021-07-14 20:54:25,56.164,44.7196,67.71,83,98,3.04
566,Shimoda,JP,2021-07-14 20:50:28,34.6667,138.95,73.51,84,93,3.87
567,Imbituba,BR,2021-07-14 20:51:09,-28.24,-48.6703,76.89,84,87,2.04
568,Coffs Harbour,AU,2021-07-14 20:54:26,-30.3,153.1333,59.13,88,98,8.05
569,Abnub,EG,2021-07-14 20:54:26,27.2696,31.1511,88.02,23,35,7.72
