City_ID,City,Country,Date,Lat,Lng,Max Temp,Humidity,Cloudiness,Wind Speed,Current Description
0,Bluff,NZ,2021-07-20 23:07:45,-46.6,168.3333,43.81,75,100,10.38,light rain
1,Ribeira Grande,PT,2021-07-20 23:07:14,38.5167,-28.7,68.72,87,22,14.25,few clouds
2,Kodiak,US,2021-07-20 23:03:33,57.79,-152.4072,54.75,93,100,8.05,overcast clouds
3,Castro,BR,2021-07-20 23:08:19,-24.7911,-50.0119,44.94,65,95,1.68,overcast clouds
4,Kysyl-Syr,RU,2021-07-20 23:08:23,63.8986,122.7617,58.44,94,100,4.88,overcast clouds
5,Serenje,ZM,2021-07-20 23:08:23,-13.2325,30.2352,51.93,64,0,3.27,clear sky
6,Praia Da Vitoria,PT,2021-07-20 23:08:23,38.7333,-27.0667,70.75,89,42,13.38,scattered clouds
7,Rikitea,PF,2021-07-20 23:08:13,-23.1203,-134.9692,71.24,65,99,24.96,overcast clouds
8,Constitucion,CL,2021-07-20 23:08:24,-35.3333,-72.4167,55.74,82,71,8.08,broken clouds
9,Lavrentiya,RU,2021-07-20 23:05:52,65.5833,-171.0,44.28,90,100,8.03,moderate rain
10,Nikolskoye,RU,2021-07-20 23:07:47,59.7035,30.7861,57.09,96,91,5.73,light rain
11,Sutto,HU,2021-07-20 23:08:24,47.7589,18.4487,65.03,72,18,6.06,few clouds
12,Atuona,PF,2021-07-20 23:03:29,-9.8,-139.0333,77.4,75,38,26.11,scattered clouds
13,Mataura,NZ,2021-07-20 23:08:13,-46.1927,168.8643,43.48,81,96,3.0,overcast clouds
14,Bengkulu,ID,2021-07-20 23:08:25,-3.8004,102.2655,74.46,90,66,4.03,broken clouds
15,Kahului,US,2021-07-20 23:08:25,20.8947,-156.47,86.02,65,40,24.16,scattered clouds
16,Envira,BR,2021-07-20 23:08:25,-7.3,-70.2167,75.02,63,12,1.57,few clouds
17,Azad Shahr,IR,2021-07-20 23:08:26,34.7909,48.5707,72.12,20,0,4.27,clear sky
18,Port Lavaca,US,2021-07-20 23:04:11,28.615,-96.6261,91.45,55,1,10.36,clear sky
19,Punta Arenas,CL,2021-07-20 23:08:26,-53.15,-70.9167,35.71,93,20,13.8,few clouds
20,Avarua,CK,2021-07-20 23:08:17,-21.2078,-159.775,80.65,83,40,17.27,scattered clouds
21,Katsuura,JP,2021-07-20 23:05:32,35.1333,140.3,84.31,73,77,2.98,broken clouds
22,Henties Bay,NA,2021-07-20 23:08:27,-22.116,14.2845,54.86,91,0,10.0,clear sky
23,Amahai,ID,2021-07-20 23:08:27,-3.3333,128.9167,77.7,89,81,3.02,broken clouds
24,Jamestown,US,2021-07-20 23:03:41,42.097,-79.2353,77.29,69,1,8.05,clear sky
25,Sept-Iles,CA,2021-07-20 23:05:02,50.2001,-66.3821,65.25,78,32,8.01,scattered clouds
26,Busselton,AU,2021-07-20 23:08:03,-33.65,115.3333,52.09,92,100,11.45,overcast clouds
27,Namibe,AO,2021-07-20 23:08:28,-15.1961,12.1522,64.02,87,11,1.43,few clouds
28,Kapaa,US,2021-07-20 23:08:05,22.0752,-159.319,84.18,76,75,5.99,broken clouds
29,Hermanus,ZA,2021-07-20 23:08:28,-34.4187,19.2345,47.89,68,38,14.88,scattered clouds
30,Fortuna,US,2021-07-20 23:08:29,40.5982,-124.1573,86.18,80,75,3.0,broken clouds
31,Linxia,CN,2021-07-20 23:08:29,35.6003,103.2064,62.01,82,44,3.15,scattered clouds
32,Inongo,CD,2021-07-20 23:08:29,-1.95,18.2667,71.85,45,14,5.37,few clouds
33,Valleyview,CA,2021-07-20 23:04:23,55.0667,-117.2859,72.5,64,90,6.67,overcast clouds
34,Qaanaaq,GL,2021-07-20 23:07:35,77.484,-69.3632,39.97,79,91,4.81,overcast clouds
35,Butaritari,KI,2021-07-20 23:08:04,3.0707,172.7902,82.45,75,81,7.38,light rain
36,Ushuaia,AR,2021-07-20 23:07:10,-54.8,-68.3,33.46,69,75,13.8,broken clouds
37,Omboue,GA,2021-07-20 23:07:43,-1.5746,9.2618,72.91,84,19,8.19,few clouds
38,Thompson,CA,2021-07-20 23:08:10,55.7435,-97.8558,81.55,29,20,5.26,few clouds
39,Dunedin,NZ,2021-07-20 23:08:31,-45.8742,170.5036,48.79,63,86,1.01,overcast clouds
40,New Norfolk,AU,2021-07-20 23:08:31,-42.7826,147.0587,47.57,79,81,1.01,broken clouds
41,Manitouwadge,CA,2021-07-20 23:08:32,49.1215,-85.8403,71.46,34,8,6.8,clear sky
42,Arraial Do Cabo,BR,2021-07-20 23:03:31,-22.9661,-42.0278,66.61,64,71,11.05,broken clouds
43,Clyde River,CA,2021-07-20 23:08:32,70.4692,-68.5914,34.56,95,100,8.34,light rain
44,Hithadhoo,MV,2021-07-20 23:08:10,-0.6,73.0833,81.1,78,95,8.05,moderate rain
45,Sosva,RU,2021-07-20 23:08:33,59.1766,61.8558,64.38,78,83,5.73,broken clouds
46,Manggar,ID,2021-07-20 23:08:33,-2.8833,108.2667,80.67,82,85,8.39,overcast clouds
47,Aripuana,BR,2021-07-20 23:04:07,-9.1667,-60.6333,77.85,46,1,2.28,clear sky
48,Caucaia,BR,2021-07-20 23:08:33,-3.7361,-38.6531,83.07,77,20,8.05,few clouds
49,Cape Town,ZA,2021-07-20 23:07:45,-33.9258,18.4232,48.88,89,83,1.01,broken clouds
50,Cabo San Lucas,MX,2021-07-20 23:08:34,22.8909,-109.9124,99.81,38,1,5.75,clear sky
51,Saldanha,ZA,2021-07-20 23:04:01,-33.0117,17.9442,54.01,53,43,8.14,scattered clouds
52,Killybegs,IE,2021-07-20 23:08:34,54.6333,-8.45,63.45,89,74,6.4,broken clouds
53,Lebu,CL,2021-07-20 23:08:35,-37.6167,-73.65,52.5,95,100,9.53,overcast clouds
54,Port Alfred,ZA,2021-07-20 23:07:22,-33.5906,26.891,54.01,84,100,21.12,moderate rain
55,Vaini,TO,2021-07-20 23:03:42,-21.2,-175.2,78.96,89,40,9.22,scattered clouds
56,Albany,US,2021-07-20 23:06:05,42.6001,-73.9662,82.33,80,45,6.49,scattered clouds
57,Tahlequah,US,2021-07-20 23:08:35,35.9154,-94.97,84.07,51,1,5.75,clear sky
58,Elko,US,2021-07-20 23:08:36,41.0002,-115.5012,88.74,21,64,13.0,broken clouds
59,Puerto Colombia,CO,2021-07-20 23:08:36,10.9878,-74.9547,81.99,83,85,24.58,overcast clouds
60,Tilichiki,RU,2021-07-20 23:08:36,60.4667,166.1,59.77,56,100,5.68,overcast clouds
61,Riacho De Santana,BR,2021-07-20 23:06:57,-13.6092,-42.9389,73.81,45,0,7.38,clear sky
62,Chokurdakh,RU,2021-07-20 23:08:37,70.6333,147.9167,55.06,74,85,14.03,overcast clouds
63,Council Bluffs,US,2021-07-20 23:05:55,41.2619,-95.8608,87.53,55,1,3.0,clear sky
64,Fukue,JP,2021-07-20 23:06:12,32.6881,128.8419,79.95,72,100,10.38,overcast clouds
65,Iskateley,RU,2021-07-20 23:08:37,67.6803,53.1512,55.47,78,98,5.99,overcast clouds
66,Saint Anthony,US,2021-07-20 23:08:38,45.0205,-93.218,87.69,55,1,1.99,haze
67,Grand Gaube,MU,2021-07-20 23:08:38,-20.0064,57.6608,71.38,57,62,11.01,broken clouds
68,Sao Joao Da Barra,BR,2021-07-20 23:04:10,-21.6403,-41.0511,64.6,68,89,10.29,overcast clouds
69,Haines Junction,CA,2021-07-20 23:08:38,60.7522,-137.5108,76.59,34,62,8.19,broken clouds
70,Poum,NC,2021-07-20 23:08:39,-20.2333,164.0167,70.32,67,6,14.0,clear sky
71,Tautira,PF,2021-07-20 23:08:39,-17.7333,-149.15,84.22,80,31,22.32,light rain
72,Iqaluit,CA,2021-07-20 23:08:39,63.7506,-68.5145,43.7,87,100,8.99,overcast clouds
73,Cootamundra,AU,2021-07-20 23:08:40,-34.65,148.0333,37.94,87,11,6.4,few clouds
74,Sibolga,ID,2021-07-20 23:08:40,1.7427,98.7792,76.06,86,83,2.95,broken clouds
75,Port Blair,IN,2021-07-20 23:08:40,11.6667,92.75,81.23,85,99,20.58,heavy intensity rain
76,Dikson,RU,2021-07-20 23:07:34,73.5069,80.5464,45.07,67,95,12.59,overcast clouds
77,Yellowknife,CA,2021-07-20 23:03:36,62.456,-114.3525,74.28,49,77,8.01,broken clouds
78,Mountain Home,US,2021-07-20 23:08:41,43.133,-115.6912,90.34,21,43,10.49,scattered clouds
79,Namatanai,PG,2021-07-20 23:08:41,-3.6667,152.4333,82.04,74,100,4.65,overcast clouds
80,Nioro,GM,2021-07-20 23:08:41,13.35,-15.75,80.96,84,100,8.52,overcast clouds
81,Kyra,RU,2021-07-20 23:08:42,49.5776,111.9753,67.1,96,100,3.42,overcast clouds
82,Soe,ID,2021-07-20 23:08:42,-9.8607,124.284,65.7,87,20,4.43,few clouds
83,Faanui,PF,2021-07-20 23:08:42,-16.4833,-151.75,78.6,77,18,21.05,light rain
84,Caravelas,BR,2021-07-20 23:08:43,-17.7125,-39.2481,71.29,68,100,11.27,overcast clouds
85,Port Elizabeth,ZA,2021-07-20 23:04:33,-33.918,25.5701,51.1,78,100,17.67,light rain
86,Tuktoyaktuk,CA,2021-07-20 23:08:30,69.4541,-133.0374,67.93,46,8,16.22,clear sky
87,Barrow,US,2021-07-20 23:08:18,71.2906,-156.7887,37.42,93,90,17.27,haze
88,Suvorov,RU,2021-07-20 23:08:43,54.1223,36.4966,57.31,70,60,2.33,broken clouds
89,Santa Cruz,BO,2021-07-20 23:04:15,-17.8,-63.1667,63.7,25,94,2.89,overcast clouds
90,Lorengau,PG,2021-07-20 23:08:44,-2.0226,147.2712,81.95,75,100,2.15,overcast clouds
91,Meulaboh,ID,2021-07-20 23:08:44,4.1363,96.1285,75.87,87,100,3.2,light rain
92,Luwuk,ID,2021-07-20 23:08:44,-0.9516,122.7875,76.73,90,71,4.12,broken clouds
93,Hobart,AU,2021-07-20 23:07:41,-42.8794,147.3294,47.91,79,40,3.0,scattered clouds
94,Vila Franca Do Campo,PT,2021-07-20 23:07:51,37.7167,-25.4333,68.41,91,99,10.16,overcast clouds
95,Guerrero Negro,MX,2021-07-20 23:08:12,27.9769,-114.0611,76.84,62,23,20.07,few clouds
96,Lasa,IT,2021-07-20 23:08:45,46.6166,10.7002,64.02,76,1,3.44,clear sky
97,Coquimbo,CL,2021-07-20 23:08:45,-29.9533,-71.3436,51.53,93,40,4.61,scattered clouds
98,San Patricio,US,2021-07-20 23:08:45,28.017,-97.5169,92.53,63,91,4.56,overcast clouds
99,Matagami,CA,2021-07-20 23:08:46,49.7502,-77.6328,66.69,41,25,8.9,scattered clouds
100,Langenburg,DE,2021-07-20 23:08:46,49.2544,9.8458,60.93,79,0,3.44,clear sky
101,Marawi,PH,2021-07-20 23:08:46,7.9986,124.2928,70.65,80,79,4.38,light rain
102,Nanakuli,US,2021-07-20 23:03:54,21.3906,-158.1547,84.11,65,90,10.36,overcast clouds
103,Geraldton,AU,2021-07-20 23:08:47,-28.7667,114.6,64.81,77,75,19.57,broken clouds
104,Acari,PE,2021-07-20 23:08:47,-15.4311,-74.6158,68.36,66,0,2.89,clear sky
105,Saint George,US,2021-07-20 23:05:28,37.1041,-113.5841,100.63,28,1,5.99,clear sky
106,Hamilton,US,2021-07-20 23:08:48,39.1834,-84.5333,84.67,61,40,1.01,scattered clouds
107,East London,ZA,2021-07-20 23:04:51,-33.0153,27.9116,56.35,72,100,23.0,light rain
108,Puerto Ayora,EC,2021-07-20 23:07:44,-0.7393,-90.3518,71.55,97,90,7.0,light rain
109,Najran,SA,2021-07-20 23:07:41,17.4924,44.1277,79.41,61,100,2.46,overcast clouds
110,Ust-Nera,RU,2021-07-20 23:08:17,64.5667,143.2,72.39,60,90,2.95,overcast clouds
111,Lindi,TZ,2021-07-20 23:08:48,-10.0,39.7167,67.66,97,1,4.47,clear sky
112,Pimentel,PE,2021-07-20 23:08:49,-6.8367,-79.9342,68.29,83,0,4.0,clear sky
113,Sao Gabriel Da Cachoeira,BR,2021-07-20 23:05:09,-0.1303,-67.0892,72.59,99,96,1.9,overcast clouds
114,Kushima,JP,2021-07-20 23:08:49,31.4583,131.2333,81.91,83,100,14.7,overcast clouds
115,Beian,NO,2021-07-20 23:08:49,63.6559,9.5683,51.57,93,75,11.5,broken clouds
116,Ornskoldsvik,SE,2021-07-20 23:08:50,63.2909,18.7153,51.62,71,3,12.66,clear sky
117,Sayyan,YE,2021-07-20 23:08:50,15.1718,44.3244,61.41,77,100,1.86,overcast clouds
118,Changli,CN,2021-07-20 23:08:50,39.7042,119.1506,75.07,91,100,2.06,moderate rain
119,Khatanga,RU,2021-07-20 23:08:51,71.9667,102.5,57.83,75,100,8.32,overcast clouds
120,Terrak,NO,2021-07-20 23:08:51,65.087,12.3715,49.87,89,100,6.78,overcast clouds
121,Deputatskiy,RU,2021-07-20 23:08:51,69.3,139.9,52.95,73,98,12.21,overcast clouds
122,Ponnani,IN,2021-07-20 23:08:52,10.767,75.9252,74.52,85,57,6.6,heavy intensity rain
123,Puerto Escondido,MX,2021-07-20 23:08:52,15.85,-97.0667,86.83,66,40,4.61,scattered clouds
124,Chiredzi,ZW,2021-07-20 23:08:52,-21.05,31.6667,58.62,56,1,2.37,clear sky
125,Touros,BR,2021-07-20 23:05:16,-5.1989,-35.4608,76.1,76,7,14.7,clear sky
126,Cidreira,BR,2021-07-20 23:08:05,-30.1811,-50.2056,52.52,70,25,6.58,scattered clouds
127,Port Macquarie,AU,2021-07-20 23:07:46,-31.4333,152.9167,56.89,68,53,17.9,broken clouds
128,Birjand,IR,2021-07-20 23:08:53,32.8663,59.2211,72.88,27,0,14.03,clear sky
129,Wuwei,CN,2021-07-20 23:08:53,37.9281,102.6414,72.72,45,94,12.75,overcast clouds
130,Ostrovnoy,RU,2021-07-20 23:08:54,68.0531,39.5131,46.26,89,96,6.71,overcast clouds
131,Macomb,US,2021-07-20 23:04:51,40.4592,-90.6718,84.45,69,1,3.44,clear sky
132,Northam,GB,2021-07-20 23:08:54,51.0333,-4.2167,70.48,89,17,1.16,few clouds
133,Ust-Tsilma,RU,2021-07-20 23:04:20,65.441,52.1498,55.36,66,91,4.23,overcast clouds
134,Moctezuma,MX,2021-07-20 23:04:42,29.8,-109.6667,81.12,61,85,17.58,overcast clouds
135,Pontiac,US,2021-07-20 23:08:55,42.6389,-83.2911,85.21,66,90,16.11,thunderstorm
136,Kapustin Yar,RU,2021-07-20 23:08:55,48.5831,45.7372,82.94,40,57,9.13,broken clouds
137,Tiznit,MA,2021-07-20 23:08:56,29.5833,-9.5,73.54,54,0,2.71,clear sky
138,Bastia,FR,2021-07-20 23:08:56,42.6667,9.3333,76.3,76,0,3.44,clear sky
139,Garowe,SO,2021-07-20 23:05:13,8.4054,48.4845,76.86,52,65,22.35,broken clouds
140,Fare,PF,2021-07-20 23:06:03,-16.7,-151.0167,78.37,77,13,22.7,light rain
141,Yenagoa,NG,2021-07-20 23:08:56,4.9247,6.2642,74.28,86,61,3.83,broken clouds
142,Chuy,UY,2021-07-20 23:07:21,-33.6971,-53.4616,46.42,81,7,8.5,clear sky
143,Xunchang,CN,2021-07-20 23:08:57,28.4543,104.715,72.75,95,14,3.27,light rain
144,Saskylakh,RU,2021-07-20 23:08:57,71.9167,114.0833,52.68,92,100,6.06,light rain
145,Upernavik,GL,2021-07-20 23:04:24,72.7868,-56.1549,41.31,86,100,4.45,overcast clouds
146,Viedma,AR,2021-07-20 23:07:41,-40.8135,-62.9967,50.23,64,12,4.7,few clouds
147,Isangel,VU,2021-07-20 23:08:02,-19.55,169.2667,82.51,78,75,5.75,broken clouds
148,Livno,BA,2021-07-20 23:08:58,43.8269,17.0078,68.5,75,0,6.85,clear sky
149,Wagar,SD,2021-07-20 23:08:58,16.1525,36.2032,77.16,78,100,10.78,overcast clouds
150,Tugulym,RU,2021-07-20 23:08:59,57.0591,64.6425,64.47,88,47,6.64,scattered clouds
151,Winneba,GH,2021-07-20 23:08:59,5.3511,-0.6231,74.55,86,8,9.75,clear sky
152,San Cristobal,VE,2021-07-20 23:08:59,7.7669,-72.225,71.58,76,6,5.12,clear sky
153,Petropavlovsk-Kamchatskiy,RU,2021-07-20 23:08:59,53.0452,158.6483,66.79,68,0,2.24,clear sky
154,Bandarbeyla,SO,2021-07-20 23:09:00,9.4942,50.8122,76.01,81,54,29.21,broken clouds
155,Avera,US,2021-07-20 23:09:00,33.194,-82.5271,76.66,83,99,5.17,light rain
156,Airai,TL,2021-07-20 23:09:00,-8.9266,125.4092,59.02,80,38,3.89,scattered clouds
157,Muleba,TZ,2021-07-20 23:09:01,-1.8397,31.6544,69.28,57,12,4.61,few clouds
158,Kidal,ML,2021-07-20 23:09:01,18.4411,1.4078,92.34,30,47,9.15,scattered clouds
159,Akonolinga,CM,2021-07-20 23:09:01,3.7667,12.25,69.21,94,99,3.56,overcast clouds
160,Plover,US,2021-07-20 23:09:02,44.4564,-89.544,82.15,66,40,10.0,haze
161,Katobu,ID,2021-07-20 23:09:02,-4.9408,122.5276,72.79,98,100,2.17,light rain
162,Kalengwa,ZM,2021-07-20 23:09:02,-13.4659,25.0027,53.38,49,7,4.7,clear sky
163,Umm Kaddadah,SD,2021-07-20 23:09:03,13.6017,26.6876,83.7,52,100,13.11,overcast clouds
164,Tiksi,RU,2021-07-20 23:09:03,71.6872,128.8694,46.56,72,36,4.7,scattered clouds
165,Jalingo,NG,2021-07-20 23:08:11,8.8833,11.3667,74.23,92,93,3.47,light rain
166,La Ronge,CA,2021-07-20 23:06:10,55.1001,-105.2842,74.19,39,18,6.67,few clouds
167,Oksfjord,NO,2021-07-20 23:08:18,70.2396,22.3479,46.47,95,100,23.35,light rain
168,Pangody,RU,2021-07-20 23:08:54,65.85,74.4859,62.28,61,66,15.79,broken clouds
169,Klaksvik,FO,2021-07-20 23:09:04,62.2266,-6.589,50.92,94,68,6.76,broken clouds
170,Coahuayana,MX,2021-07-20 23:08:50,18.7333,-103.6833,92.68,63,65,5.61,broken clouds
171,Jardim,BR,2021-07-20 23:04:53,-21.4803,-56.1381,60.93,25,59,4.0,broken clouds
172,Mount Isa,AU,2021-07-20 23:09:04,-20.7333,139.5,56.97,44,60,1.14,broken clouds
173,Sao Felix Do Xingu,BR,2021-07-20 23:09:05,-6.6447,-51.995,78.67,41,5,0.81,clear sky
174,Voyvozh,RU,2021-07-20 23:09:05,62.892,54.9635,53.28,79,74,3.29,broken clouds
175,Tomatlan,MX,2021-07-20 23:09:05,19.9333,-105.25,89.04,63,13,8.25,few clouds
176,Beneditinos,BR,2021-07-20 23:09:05,-5.45,-42.3667,83.53,41,92,3.91,overcast clouds
177,Srednekolymsk,RU,2021-07-20 23:09:06,67.45,153.6833,69.33,61,61,12.84,broken clouds
178,Yeppoon,AU,2021-07-20 23:09:06,-23.1333,150.7333,55.18,43,0,8.12,clear sky
179,Mishan,CN,2021-07-20 23:09:06,45.55,131.8833,75.47,90,100,1.34,overcast clouds
180,Broken Hill,AU,2021-07-20 23:07:36,-31.95,141.4333,40.91,67,57,8.19,broken clouds
181,Lompoc,US,2021-07-20 23:09:07,34.6391,-120.4579,95.13,73,1,12.66,clear sky
182,Faya,SA,2021-07-20 23:05:05,18.3851,42.4509,63.12,83,99,9.78,overcast clouds
183,Hilo,US,2021-07-20 23:07:46,19.7297,-155.09,80.33,77,75,6.91,light rain
184,Mar Del Plata,AR,2021-07-20 23:09:07,-38.0023,-57.5575,52.88,54,45,5.01,scattered clouds
185,Dwarka,IN,2021-07-20 23:06:08,22.2394,68.9678,82.87,84,97,27.02,overcast clouds
186,Nanortalik,GL,2021-07-20 23:09:08,60.1432,-45.2371,47.62,92,100,14.74,overcast clouds
187,Bredasdorp,ZA,2021-07-20 23:07:49,-34.5322,20.0403,42.28,87,21,9.13,few clouds
188,Urucara,BR,2021-07-20 23:09:08,-2.5364,-57.76,77.23,81,49,2.44,scattered clouds
189,Kuytun,RU,2021-07-20 23:09:09,54.3419,101.5036,60.03,82,100,0.31,overcast clouds
190,Mayenne,FR,2021-07-20 23:09:09,48.3333,-0.6667,71.04,84,10,6.15,clear sky
191,Vaitape,PF,2021-07-20 23:09:09,-16.5167,-151.75,78.58,77,18,21.03,light rain
192,Banda Aceh,ID,2021-07-20 23:09:10,5.5577,95.3222,79.81,78,100,14.99,overcast clouds
193,Valdosta,US,2021-07-20 23:09:10,30.8327,-83.2785,80.15,94,75,0.0,broken clouds
194,Vilyuysk,RU,2021-07-20 23:09:10,63.7553,121.6247,59.32,92,100,6.26,overcast clouds
195,Codrington,AU,2021-07-20 23:09:11,-38.2667,141.9667,49.64,82,100,8.79,overcast clouds
196,Kimberley,ZA,2021-07-20 23:09:11,-28.7323,24.7623,44.46,67,100,10.38,overcast clouds
197,Bosaso,SO,2021-07-20 23:09:11,11.2842,49.1816,90.23,41,42,21.54,scattered clouds
198,Acapulco,MX,2021-07-20 23:06:25,16.8634,-99.8901,85.82,74,75,9.22,broken clouds
199,Beringovskiy,RU,2021-07-20 23:09:12,63.05,179.3167,45.09,86,100,11.68,overcast clouds
200,Sakakah,SA,2021-07-20 23:09:12,29.9697,40.2064,94.35,16,8,7.83,clear sky
201,Pochutla,MX,2021-07-20 23:09:13,15.7432,-96.4661,90.82,64,58,4.88,broken clouds
202,Pemangkat,ID,2021-07-20 23:08:07,1.1667,108.9667,77.95,89,98,6.98,overcast clouds
203,Kieta,PG,2021-07-20 23:06:43,-6.2167,155.6333,83.21,70,90,2.37,light rain
204,Turan,VN,2021-07-20 23:07:23,16.0678,108.2208,82.45,69,20,3.44,few clouds
205,Morant Bay,JM,2021-07-20 23:09:13,17.8815,-76.4093,87.62,78,9,12.15,clear sky
206,Brokopondo,SR,2021-07-20 23:09:13,4.75,-55.1667,78.06,82,67,2.42,heavy intensity rain
207,Esperance,AU,2021-07-20 23:09:14,-33.8667,121.9,56.14,89,100,18.61,light rain
208,Merauke,ID,2021-07-20 23:09:14,-8.4667,140.3333,79.16,70,77,14.54,broken clouds
209,Whitehorse,CA,2021-07-20 23:04:36,60.7161,-135.0538,78.03,33,57,5.01,broken clouds
210,Kingisepp,RU,2021-07-20 23:09:14,59.3733,28.6134,53.04,97,50,3.83,scattered clouds
211,Praia,CV,2021-07-20 23:08:30,14.9215,-23.5087,77.54,78,75,8.05,broken clouds
212,Ponta Do Sol,PT,2021-07-20 23:09:15,32.6667,-17.1,72.72,81,1,3.62,clear sky
213,Hasaki,JP,2021-07-20 23:05:48,35.7333,140.8333,81.28,75,82,6.26,broken clouds
214,Yermakovskoye,RU,2021-07-20 23:09:15,53.2831,92.4003,58.69,96,53,1.43,broken clouds
215,La Palma,US,2021-07-20 23:04:56,33.8464,-118.0467,109.81,43,20,4.0,few clouds
216,Pevek,RU,2021-07-20 23:07:48,69.7008,170.3133,41.86,75,100,4.63,overcast clouds
217,Ishigaki,JP,2021-07-20 23:09:16,24.3448,124.1572,82.47,84,100,36.01,overcast clouds
218,Kargopol,RU,2021-07-20 23:09:16,61.5071,38.9456,53.94,74,63,5.7,broken clouds
219,Ginir,ET,2021-07-20 23:09:16,7.1333,40.7,58.46,80,98,13.76,overcast clouds
220,Ilulissat,GL,2021-07-20 23:09:17,69.2167,-51.1,51.82,50,66,11.5,broken clouds
221,San Juan De Los Morros,VE,2021-07-20 23:09:17,9.9115,-67.3538,73.96,83,49,0.63,light rain
222,Victoria,HK,2021-07-20 23:09:18,22.2855,114.1577,80.65,95,100,1.01,light rain
223,Okhotsk,RU,2021-07-20 23:09:18,59.3833,143.3,60.78,78,49,8.9,scattered clouds
224,Stokmarknes,NO,2021-07-20 23:09:18,68.5646,14.9108,50.49,81,100,12.17,overcast clouds
225,Poso,ID,2021-07-20 23:09:18,-1.3959,120.7524,78.42,76,85,4.85,overcast clouds
226,Torbay,CA,2021-07-20 23:05:29,47.6666,-52.7314,70.75,96,100,12.24,overcast clouds
227,Toyoshina,JP,2021-07-20 23:09:19,36.2999,137.9011,81.3,74,65,2.04,broken clouds
228,Yulara,AU,2021-07-20 23:09:19,-25.2406,130.9889,53.08,54,4,8.21,clear sky
229,Bodden Town,KY,2021-07-20 23:09:20,19.2833,-81.25,89.01,76,20,3.0,few clouds
230,Tasiilaq,GL,2021-07-20 23:04:20,65.6145,-37.6368,42.96,94,96,4.25,overcast clouds
231,Bonavista,CA,2021-07-20 23:09:20,48.6499,-53.1147,60.62,99,100,10.27,light rain
232,Swellendam,ZA,2021-07-20 23:09:20,-34.0226,20.4417,43.25,89,10,7.09,clear sky
233,Allapalli,IN,2021-07-20 23:09:21,19.4167,80.0667,76.17,93,100,7.78,light rain
234,Saint-Philippe,RE,2021-07-20 23:03:48,-21.3585,55.7679,71.19,80,61,13.29,broken clouds
235,Mitsamiouli,KM,2021-07-20 23:09:21,-11.3847,43.2844,77.0,76,1,5.37,clear sky
236,Carnarvon,AU,2021-07-20 23:03:28,-24.8667,113.6333,68.07,78,90,8.05,overcast clouds
237,Cherskiy,RU,2021-07-20 23:07:40,68.75,161.3,64.92,39,99,5.61,overcast clouds
238,Strezhevoy,RU,2021-07-20 23:09:22,60.7333,77.5889,57.18,85,65,3.18,broken clouds
239,Havre-Saint-Pierre,CA,2021-07-20 23:09:22,50.2334,-63.5986,58.93,85,28,7.81,scattered clouds
240,Cayenne,GF,2021-07-20 23:07:54,4.9333,-52.3333,82.09,80,0,1.99,clear sky
241,Nakatsu,JP,2021-07-20 23:09:22,33.5981,131.1883,83.17,74,100,8.72,overcast clouds
242,Karema,TZ,2021-07-20 23:09:23,-6.8205,30.4389,70.92,50,7,4.09,clear sky
243,Lagoa,PT,2021-07-20 23:09:07,39.05,-27.9833,68.13,85,1,17.02,clear sky
244,Matamoros,MX,2021-07-20 23:08:15,25.5333,-103.25,89.71,35,75,11.5,broken clouds
245,Izumo,JP,2021-07-20 23:09:23,35.3667,132.7667,81.43,72,91,4.29,overcast clouds
246,Port Lincoln,AU,2021-07-20 23:08:09,-34.7333,135.8667,51.4,61,100,3.8,overcast clouds
247,Wilmington,US,2021-07-20 23:06:44,34.2257,-77.9447,80.51,77,20,3.44,few clouds
248,Ust-Ilimsk,RU,2021-07-20 23:09:24,58.0006,102.6619,60.94,89,37,1.59,scattered clouds
249,Den Helder,NL,2021-07-20 23:09:24,52.9599,4.7593,64.38,80,0,5.99,clear sky
250,Kavieng,PG,2021-07-20 23:09:25,-2.5744,150.7967,82.44,73,100,5.44,overcast clouds
251,Mola Di Bari,IT,2021-07-20 23:09:25,41.0609,17.0873,77.92,80,0,7.9,clear sky
252,Chokwe,MZ,2021-07-20 23:09:25,-24.5333,32.9833,63.75,52,41,4.54,scattered clouds
253,Los Llanos De Aridane,ES,2021-07-20 23:08:06,28.6585,-17.9182,67.75,92,75,17.27,broken clouds
254,Nome,US,2021-07-20 23:08:46,64.5011,-165.4064,51.17,87,90,12.66,light rain
255,Zonguldak,TR,2021-07-20 23:09:26,41.25,31.8333,66.33,75,0,4.32,clear sky
256,Severo-Kurilsk,RU,2021-07-20 23:08:12,50.6789,156.125,53.98,88,27,4.05,scattered clouds
257,Dryden,CA,2021-07-20 23:09:26,49.7833,-92.7503,76.68,34,100,2.75,overcast clouds
258,Ngunguru,NZ,2021-07-20 23:09:27,-35.6167,174.5,58.15,89,100,16.69,light rain
259,Becerril,CO,2021-07-20 23:09:27,9.7041,-73.2793,90.64,47,12,8.84,few clouds
260,Liku,ID,2021-07-20 23:09:27,-0.7275,119.8922,76.06,87,100,2.75,overcast clouds
261,Fort Beaufort,ZA,2021-07-20 23:09:28,-32.7748,26.6338,45.99,88,100,8.48,light rain
262,Nouadhibou,MR,2021-07-20 23:09:28,20.931,-17.0347,69.82,84,2,14.32,clear sky
263,Belyy Yar,RU,2021-07-20 23:08:13,53.6039,91.3903,60.69,88,0,4.47,clear sky
264,Celestun,MX,2021-07-20 23:04:59,20.8667,-90.4,84.38,71,4,14.99,clear sky
265,Norfolk,US,2021-07-20 23:07:45,42.1668,-71.2495,84.15,77,1,6.91,haze
266,Bilma,NE,2021-07-20 23:09:29,18.6853,12.9164,91.62,23,32,9.1,scattered clouds
267,Mount Gambier,AU,2021-07-20 23:09:29,-37.8333,140.7667,48.38,81,100,4.61,overcast clouds
268,Dingle,PH,2021-07-20 23:08:06,10.9995,122.6711,78.91,87,88,11.54,overcast clouds
269,Alta Floresta,BR,2021-07-20 23:09:30,-9.8756,-56.0861,76.73,38,1,1.12,clear sky
270,Victor Harbor,AU,2021-07-20 23:09:30,-35.5667,138.6167,48.47,87,96,1.01,overcast clouds
271,Salinas,US,2021-07-20 23:06:29,36.6777,-121.6555,94.01,64,1,10.36,clear sky
272,Blagoyevo,RU,2021-07-20 23:09:30,63.3667,47.9167,54.23,72,53,4.74,broken clouds
273,Feicheng,CN,2021-07-20 23:09:31,35.2606,117.9675,81.43,95,97,10.18,light rain
274,Kissidougou,GN,2021-07-20 23:09:31,9.1848,-10.0999,69.42,97,54,4.76,light rain
275,Querecotillo,PE,2021-07-20 23:09:32,-4.8378,-80.6456,74.55,59,0,17.78,clear sky
276,Pathein,MM,2021-07-20 23:08:07,16.7833,94.7333,78.01,92,100,11.99,overcast clouds
277,Talnakh,RU,2021-07-20 23:08:17,69.4865,88.3972,52.93,72,0,3.44,clear sky
278,Bereda,ES,2021-07-20 23:09:17,43.2686,-7.5406,61.57,97,34,1.16,scattered clouds
279,Mahebourg,MU,2021-07-20 23:08:44,-20.4081,57.7,71.26,61,69,20.89,broken clouds
280,Cap Estate,LC,2021-07-20 23:09:32,14.0833,-60.95,82.06,74,40,6.91,scattered clouds
281,Bandar-E Lengeh,IR,2021-07-20 23:09:33,26.5579,54.8807,90.97,69,89,5.66,overcast clouds
282,Kitimat,CA,2021-07-20 23:09:33,54.0524,-128.6534,70.38,54,68,6.8,light rain
283,Kamphaeng Phet,TH,2021-07-20 23:09:33,16.25,99.5,74.37,93,100,2.33,overcast clouds
284,Encheng,CN,2021-07-20 23:09:34,22.1839,112.3026,76.05,96,100,3.65,light rain
285,Kaitangata,NZ,2021-07-20 23:03:35,-46.2817,169.8464,39.92,78,87,4.5,overcast clouds
286,Myitkyina,MM,2021-07-20 23:09:34,25.3833,97.4,77.45,98,100,0.4,moderate rain
287,Aksu,CN,2021-07-20 23:09:34,41.1231,80.2644,73.76,46,89,6.49,overcast clouds
288,Naze,JP,2021-07-20 23:09:35,28.3667,129.4833,77.92,92,100,33.02,overcast clouds
289,Marmaris,TR,2021-07-20 23:09:35,36.855,28.2742,78.78,80,0,7.16,clear sky
290,Zhigansk,RU,2021-07-20 23:08:05,66.7697,123.3711,59.16,65,100,15.46,overcast clouds
291,Sitka,US,2021-07-20 23:07:23,57.0531,-135.33,62.49,67,20,9.22,few clouds
292,Bergen,NO,2021-07-20 23:04:42,60.392,5.328,54.09,88,20,6.91,few clouds
293,Chapada Dos Guimaraes,BR,2021-07-20 23:09:36,-15.4606,-55.7497,67.66,23,0,3.27,clear sky
294,Cockburn Town,TC,2021-07-20 23:09:37,21.4612,-71.1419,84.16,70,40,13.8,scattered clouds
295,Port-Gentil,GA,2021-07-20 23:09:38,-0.7193,8.7815,75.31,77,83,13.47,broken clouds
296,Kiunga,PG,2021-07-20 23:09:38,-6.1219,141.2906,72.63,98,100,1.12,overcast clouds
297,Kavaratti,IN,2021-07-20 23:08:27,10.5669,72.642,82.17,79,100,19.06,overcast clouds
298,Ponta Delgada,PT,2021-07-20 23:04:52,37.7333,-25.6667,68.72,100,40,11.5,scattered clouds
299,Kismayo,SO,2021-07-20 23:07:07,-0.3582,42.5454,76.19,83,73,18.57,broken clouds
300,Felanitx,ES,2021-07-20 23:09:39,39.4696,3.1483,77.13,75,31,2.46,scattered clouds
301,Padang,ID,2021-07-20 23:09:39,-0.9492,100.3543,73.45,83,100,3.06,overcast clouds
302,Shahpur,IN,2021-07-20 23:09:39,16.7,76.8333,74.44,85,100,15.86,moderate rain
303,Oxbow,CA,2021-07-20 23:09:40,49.2333,-102.1676,69.75,51,100,10.54,moderate rain
304,San Jose,US,2021-07-20 23:06:03,37.3394,-121.895,93.9,46,20,10.36,smoke
305,Copiapo,CL,2021-07-20 23:09:40,-27.3667,-70.3333,47.89,40,0,0.29,clear sky
306,College,US,2021-07-20 23:06:50,64.8569,-147.8028,84.99,35,40,9.22,smoke
307,Moose Factory,CA,2021-07-20 23:09:40,51.2585,-80.6094,63.93,44,3,6.15,clear sky
308,Labytnangi,RU,2021-07-20 23:09:41,66.6572,66.4183,51.08,91,56,7.09,broken clouds
309,Weston,US,2021-07-20 23:06:52,26.1004,-80.3998,85.98,83,75,0.0,broken clouds
310,Lancaster,US,2021-07-20 23:09:41,40.2504,-76.2499,85.95,65,1,1.01,haze
311,Gorontalo,ID,2021-07-20 23:09:42,0.5412,123.0595,77.07,87,93,1.57,light rain
312,Asau,RO,2021-07-20 23:09:42,46.4333,26.4,63.95,93,69,3.13,broken clouds
313,Portland,US,2021-07-20 23:09:42,45.5234,-122.6762,84.43,46,20,1.99,few clouds
314,Kolvereid,NO,2021-07-20 23:09:43,64.8655,11.6047,50.83,80,100,11.16,light rain
315,Kungurtug,RU,2021-07-20 23:09:43,50.5994,97.5228,53.6,92,70,0.6,broken clouds
316,Georgetown,MY,2021-07-20 23:07:45,5.4112,100.3354,80.89,83,20,0.0,few clouds
317,Mezen,RU,2021-07-20 23:05:14,65.8522,44.24,49.53,97,90,5.19,overcast clouds
318,San Quintin,MX,2021-07-20 23:08:55,30.4833,-115.95,76.62,65,17,14.61,few clouds
319,Vostok,RU,2021-07-20 23:09:44,46.4856,135.8833,78.3,68,93,0.2,overcast clouds
320,Wuda,CN,2021-07-20 23:09:44,39.4994,106.7117,72.73,62,16,22.1,few clouds
321,Lazaro Cardenas,MX,2021-07-20 23:09:44,17.9583,-102.2,85.14,74,100,8.7,overcast clouds
322,Sobolevo,RU,2021-07-20 23:09:45,54.4299,31.8996,59.36,64,100,5.97,overcast clouds
323,Sioux Lookout,CA,2021-07-20 23:09:45,50.1001,-91.917,76.48,27,100,3.36,overcast clouds
324,Sao Jose Da Coroa Grande,BR,2021-07-20 23:09:45,-8.8978,-35.1478,75.02,83,21,7.02,few clouds
325,Ilhabela,BR,2021-07-20 23:09:46,-23.7781,-45.3581,59.85,71,100,2.39,overcast clouds
326,Narsaq,GL,2021-07-20 23:03:11,60.9167,-46.05,46.62,95,100,5.37,moderate rain
327,Hualmay,PE,2021-07-20 23:09:46,-11.0964,-77.6139,64.87,76,20,7.54,few clouds
328,Ouadda,CF,2021-07-20 23:09:46,8.0777,22.4007,69.1,93,92,2.19,light rain
329,Richards Bay,ZA,2021-07-20 23:09:47,-28.783,32.0377,59.92,35,0,5.66,clear sky
330,Sovetskoye,RU,2021-07-20 23:09:48,52.2861,85.4131,58.39,97,100,1.77,overcast clouds
331,Gasa,PS,2021-07-20 23:09:48,31.5,34.4667,80.58,70,2,6.58,clear sky
332,Black Forest,US,2021-07-20 23:09:48,39.0131,-104.7008,86.67,29,1,8.01,clear sky
333,Avallon,FR,2021-07-20 23:09:49,47.4833,3.9,58.96,92,0,4.65,clear sky
334,Okha,RU,2021-07-20 23:09:49,53.5739,142.9478,63.34,71,100,14.25,overcast clouds
335,Half Moon Bay,US,2021-07-20 23:09:49,37.4636,-122.4286,91.58,70,20,8.05,few clouds
336,Pitimbu,BR,2021-07-20 23:09:50,-7.4706,-34.8086,73.99,82,51,9.8,broken clouds
337,Fort Nelson,CA,2021-07-20 23:09:50,58.8053,-122.7002,67.95,61,77,4.56,broken clouds
338,Mehamn,NO,2021-07-20 23:09:50,71.0357,27.8492,42.66,95,98,18.59,light rain
339,Seoul,KR,2021-07-20 23:08:14,37.5683,126.9778,81.91,67,99,3.02,overcast clouds
340,Karratha,AU,2021-07-20 23:06:43,-20.7377,116.8463,68.11,79,36,7.72,scattered clouds
341,Peniche,PT,2021-07-20 23:09:39,39.3558,-9.3811,66.29,86,95,16.44,overcast clouds
342,Imbituba,BR,2021-07-20 23:09:51,-28.24,-48.6703,58.89,83,100,7.49,overcast clouds
343,Sao Filipe,CV,2021-07-20 23:09:51,14.8961,-24.4956,73.54,85,51,5.37,broken clouds
344,Arona,ES,2021-07-20 23:09:52,28.0996,-16.681,66.83,76,20,12.66,few clouds
345,Coihaique,CL,2021-07-20 23:08:15,-45.5752,-72.0662,42.75,81,40,2.3,scattered clouds
346,Gander,CA,2021-07-20 23:09:52,48.9682,-54.5906,68.16,100,90,10.0,overcast clouds
347,Wanxian,CN,2021-07-20 23:09:53,30.8039,108.3897,78.19,91,23,2.75,few clouds
348,Oranjemund,NA,2021-07-20 23:09:53,-28.55,16.4333,50.74,72,1,11.23,clear sky
349,Kalianget,ID,2021-07-20 23:09:53,-7.05,113.9333,79.52,76,40,11.25,scattered clouds
350,Norman Wells,CA,2021-07-20 23:08:25,65.282,-126.8329,82.83,35,25,10.29,scattered clouds
351,Pisco,PE,2021-07-20 23:08:08,-13.7,-76.2167,62.65,82,90,6.91,overcast clouds
352,Mukhen,RU,2021-07-20 23:09:54,48.1,136.1,82.24,60,80,2.95,broken clouds
353,Lysychovo,UA,2021-07-20 23:09:55,48.4968,23.2899,62.2,98,83,6.04,broken clouds
354,Bambous Virieux,MU,2021-07-20 23:04:31,-20.3428,57.7575,71.22,61,77,20.62,broken clouds
355,Huicungo,PE,2021-07-20 23:09:55,-7.2833,-76.8,73.8,78,51,1.25,broken clouds
356,Caraguatay,AR,2021-07-20 23:09:55,-26.6059,-54.7809,49.21,61,42,1.32,scattered clouds
357,West Bend,US,2021-07-20 23:09:56,43.4253,-88.1834,77.79,78,75,5.99,broken clouds
358,Aswan,EG,2021-07-20 23:08:21,24.0934,32.907,95.63,15,51,13.82,broken clouds
359,Hami,CN,2021-07-20 23:09:56,42.8,93.45,70.16,61,53,7.0,broken clouds
360,Nikki,BJ,2021-07-20 23:09:56,9.9401,3.2108,74.41,83,81,6.78,broken clouds
361,San Jeronimo,PE,2021-07-20 23:09:57,-11.9472,-75.2829,51.26,71,61,4.79,broken clouds
362,Casa Grande,US,2021-07-20 23:09:22,32.8795,-111.7573,106.63,30,1,0.0,clear sky
363,Pangnirtung,CA,2021-07-20 23:09:57,66.1451,-65.7125,42.06,97,100,4.41,light rain
364,Aginskoye,RU,2021-07-20 23:09:57,51.1,114.53,64.72,81,100,2.71,heavy intensity rain
365,Homer,US,2021-07-20 23:09:24,59.6425,-151.5483,60.08,89,90,3.44,light rain
366,Mitu,CO,2021-07-20 23:09:58,1.1983,-70.1733,72.45,98,55,2.44,broken clouds
367,Feijo,BR,2021-07-20 23:09:58,-8.1642,-70.3536,74.55,62,14,1.01,few clouds
368,Makokou,GA,2021-07-20 23:09:58,0.5738,12.8642,74.84,75,98,2.86,light rain
369,Quatre Cocos,MU,2021-07-20 23:09:59,-20.2078,57.7625,71.1,62,81,20.76,broken clouds
370,Chapais,CA,2021-07-20 23:06:32,49.7834,-74.8492,67.86,39,81,7.83,broken clouds
371,Chaman,PK,2021-07-20 23:09:59,30.9236,66.4512,77.11,14,0,7.9,clear sky
372,Gorele,TR,2021-07-20 23:10:00,41.0308,39.0031,81.84,92,80,5.39,broken clouds
373,Kruisfontein,ZA,2021-07-20 23:07:35,-34.0033,24.7314,48.88,76,98,17.18,overcast clouds
374,Pringsewu,ID,2021-07-20 23:10:00,-5.3582,104.9744,73.15,97,80,3.62,broken clouds
375,Vestmannaeyjar,IS,2021-07-20 23:10:00,63.4427,-20.2734,52.83,91,73,11.99,broken clouds
376,Charters Towers,AU,2021-07-20 23:10:01,-20.1,146.2667,60.82,32,5,13.94,clear sky
377,Souillac,MU,2021-07-20 23:10:03,-20.5167,57.5167,71.37,64,63,19.93,broken clouds
378,Itoman,JP,2021-07-20 23:10:03,26.1247,127.6694,80.62,89,75,33.38,light intensity shower rain
379,Kholuy,RU,2021-07-20 23:10:04,56.575,41.8692,58.06,67,0,3.51,clear sky
380,San Juan Evangelista,MX,2021-07-20 23:10:04,17.9,-95.1333,87.12,69,80,5.08,broken clouds
381,Rocha,UY,2021-07-20 23:09:15,-34.4833,-54.3333,46.4,75,7,9.13,clear sky
382,San Felipe,VE,2021-07-20 23:10:05,10.3399,-68.7425,73.69,94,25,5.77,scattered clouds
383,Ransang,PH,2021-07-20 23:10:05,8.9603,117.5828,81.0,82,100,9.64,overcast clouds
384,Bethel,US,2021-07-20 23:06:32,41.3712,-73.414,83.08,80,0,0.92,clear sky
385,Severomorsk,RU,2021-07-20 23:10:07,69.0689,33.4162,39.6,84,71,11.3,broken clouds
386,Lata,PT,2021-07-20 23:10:07,40.1629,-8.3327,65.05,96,41,3.22,scattered clouds
387,Turukhansk,RU,2021-07-20 23:10:08,65.8167,87.9833,54.19,72,7,2.39,clear sky
388,Jining,CN,2021-07-20 23:07:16,35.405,116.5814,75.74,94,100,11.95,overcast clouds
389,Ancud,CL,2021-07-20 23:08:58,-41.8697,-73.8203,51.33,94,97,4.12,overcast clouds
390,Talaya,RU,2021-07-20 23:10:08,61.3833,152.75,72.66,48,91,1.83,overcast clouds
391,Senno,RU,2021-07-20 23:10:09,59.5336,33.9167,57.49,69,84,6.17,light rain
392,Mutsu,JP,2021-07-20 23:10:09,41.2894,141.2169,84.99,77,73,2.33,broken clouds
393,Kaeo,NZ,2021-07-20 23:10:10,-35.1,173.7833,58.32,93,100,12.53,light rain
394,Yamada,JP,2021-07-20 23:10:10,39.4667,141.95,78.8,77,68,4.61,broken clouds
395,Grindavik,IS,2021-07-20 23:06:25,63.8424,-22.4338,50.56,100,90,14.97,light intensity drizzle
396,Veraval,IN,2021-07-20 23:10:10,20.9,70.3667,82.69,83,100,23.58,overcast clouds
397,Baherden,TM,2021-07-20 23:10:11,38.4362,57.4316,90.28,19,0,8.37,clear sky
398,Buala,SB,2021-07-20 23:10:11,-8.145,159.5921,82.36,78,97,8.08,light rain
399,Paris,FR,2021-07-20 23:09:31,48.8534,2.3488,71.38,75,0,6.91,clear sky
400,Bathsheba,BB,2021-07-20 23:10:12,13.2167,-59.5167,83.01,78,40,19.57,scattered clouds
401,Bar Harbor,US,2021-07-20 23:06:47,44.3876,-68.2039,74.34,88,20,3.44,few clouds
402,Bara,NG,2021-07-20 23:10:12,10.3744,10.7288,78.3,76,100,7.74,light rain
403,Provideniya,RU,2021-07-20 23:09:21,64.3833,-173.3,51.91,71,75,6.71,light rain
404,Vardo,NO,2021-07-20 23:07:44,70.3705,31.1107,42.42,93,93,16.15,overcast clouds
405,Biak,ID,2021-07-20 23:05:29,-0.9131,122.8766,75.36,88,67,5.95,light rain
406,Tsuruoka,JP,2021-07-20 23:10:13,38.7217,139.8217,81.61,69,35,0.74,scattered clouds
407,Tabou,CI,2021-07-20 23:10:13,4.423,-7.3528,76.5,73,25,7.85,scattered clouds
408,Elliot,ZA,2021-07-20 23:10:13,-31.3333,27.85,44.2,35,100,2.35,overcast clouds
409,Hanmer Springs,NZ,2021-07-20 23:10:13,-42.5167,172.8167,48.79,62,99,4.32,overcast clouds
410,Santa Cecilia,BR,2021-07-20 23:10:14,-26.9608,-50.4269,40.69,77,88,2.06,overcast clouds
411,Mafinga,TZ,2021-07-20 23:10:14,-7.25,35.0667,64.02,48,2,4.85,clear sky
412,Dalbandin,PK,2021-07-20 23:10:14,28.8947,64.4101,84.13,16,0,10.45,clear sky
413,Acarau,BR,2021-07-20 23:10:15,-2.8856,-40.12,79.56,82,5,17.49,clear sky
414,Fairbanks,US,2021-07-20 23:05:26,64.8378,-147.7164,87.6,34,1,10.36,smoke
415,Harper,LR,2021-07-20 23:10:15,4.375,-7.7169,76.75,72,30,8.25,scattered clouds
416,Srandakan,ID,2021-07-20 23:10:15,-7.9386,110.2506,75.52,88,59,6.22,broken clouds
417,Sorland,NO,2021-07-20 23:10:16,67.667,12.6934,49.8,77,100,22.12,overcast clouds
418,Birao,CF,2021-07-20 23:10:16,10.2849,22.7882,71.08,95,84,3.65,broken clouds
419,Yarada,IN,2021-07-20 23:10:16,17.65,83.2667,80.53,85,100,9.06,overcast clouds
420,Vokhtoga,RU,2021-07-20 23:10:17,58.8147,41.0461,54.32,73,54,4.68,broken clouds
421,Agadir,MA,2021-07-20 23:10:18,30.4202,-9.5982,68.45,75,0,5.19,clear sky
422,Hearst,CA,2021-07-20 23:09:18,49.6835,-83.6665,72.1,33,52,7.61,broken clouds
423,Vercheres,CA,2021-07-20 23:10:19,45.7834,-73.3492,74.39,82,99,10.89,overcast clouds
424,Iquitos,PE,2021-07-20 23:10:06,-3.7481,-73.2472,78.84,78,40,3.44,scattered clouds
425,Pangai,TO,2021-07-20 23:10:19,-19.8,-174.35,77.41,73,12,16.53,few clouds
426,Goure,NE,2021-07-20 23:08:24,13.9835,10.2704,85.01,45,69,13.2,broken clouds
427,Weiser,US,2021-07-20 23:10:19,44.251,-116.9693,93.31,31,87,6.22,overcast clouds
428,Changtu,CN,2021-07-20 23:10:20,42.7788,124.0955,76.1,83,55,4.41,broken clouds
429,Alice Springs,AU,2021-07-20 23:04:43,-23.7,133.8833,45.95,61,0,5.75,clear sky
430,Zhoucheng,CN,2021-07-20 23:10:20,35.9122,116.3117,75.27,93,100,8.99,light rain
431,Krasnoselkup,RU,2021-07-20 23:10:20,65.7,82.4667,54.61,66,1,5.64,clear sky
432,Panaba,MX,2021-07-20 23:10:21,21.2833,-88.2667,88.2,57,54,16.91,broken clouds
433,Tommot,RU,2021-07-20 23:10:21,58.9564,126.2925,72.0,81,72,6.85,broken clouds
434,Tokur,RU,2021-07-20 23:10:21,53.1333,132.9,67.77,92,78,4.76,light rain
435,Filingue,NE,2021-07-20 23:10:09,14.3521,3.3168,92.08,43,10,7.23,clear sky
436,Raeren,BE,2021-07-20 23:10:22,50.6677,6.1168,59.77,88,0,3.33,clear sky
437,Flinders,AU,2021-07-20 23:08:40,-34.5833,150.8552,52.21,54,88,5.99,overcast clouds
438,Aklavik,CA,2021-07-20 23:10:22,68.2191,-135.0107,84.25,29,9,12.88,clear sky
439,Novyy Urengoy,RU,2021-07-20 23:10:22,66.0833,76.6333,58.15,71,80,11.97,broken clouds
440,Skibbereen,IE,2021-07-20 23:10:23,51.55,-9.2667,66.0,90,34,5.95,scattered clouds
441,Tuatapere,NZ,2021-07-20 23:07:42,-46.1333,167.6833,43.83,80,100,5.77,overcast clouds
442,Kangaatsiaq,GL,2021-07-20 23:10:23,68.3065,-53.4641,43.27,87,100,3.15,overcast clouds
443,Muzhi,RU,2021-07-20 23:10:23,65.3667,64.6667,52.97,74,72,5.61,broken clouds
444,Ahuimanu,US,2021-07-20 23:10:24,21.4447,-157.8378,87.51,62,40,17.27,scattered clouds
445,Teya,RU,2021-07-20 23:10:24,60.3778,92.6267,57.76,73,93,3.36,overcast clouds
446,Weihe,CN,2021-07-20 23:10:24,32.9952,105.3247,66.34,97,8,0.69,clear sky
447,Yatou,CN,2021-07-20 23:10:24,37.15,122.3833,78.53,78,66,3.78,light rain
448,Sal Rei,CV,2021-07-20 23:10:25,16.1833,-22.9167,75.76,82,50,2.33,scattered clouds
449,Lac Du Bonnet,CA,2021-07-20 23:10:25,50.2536,-96.0612,81.64,42,100,3.44,overcast clouds
450,Agadez,NE,2021-07-20 23:10:26,19.75,10.25,93.31,16,1,9.46,clear sky
451,Shingu,JP,2021-07-20 23:06:25,33.7333,135.9833,81.59,75,39,7.85,scattered clouds
452,Marevo,RU,2021-07-20 23:10:26,57.3146,32.0804,53.94,79,14,5.7,few clouds
453,Camacha,PT,2021-07-20 23:08:11,33.0833,-16.3333,68.76,83,40,11.5,scattered clouds
454,Longyearbyen,SJ,2021-07-20 23:10:26,78.2186,15.6401,39.04,81,75,3.44,broken clouds
455,San Pedro,PH,2021-07-20 23:10:27,14.35,121.0167,79.36,92,100,12.17,overcast clouds
456,Roma,US,2021-07-20 23:07:59,43.2128,-75.4557,78.94,69,75,4.61,thunderstorm
457,Muros,ES,2021-07-20 23:09:14,42.7762,-9.0603,66.7,88,37,5.68,scattered clouds
458,Areosa,PT,2021-07-20 23:10:27,41.7178,-8.8571,67.32,97,29,9.48,scattered clouds
459,Honiara,SB,2021-07-20 23:06:13,-9.4333,159.95,84.42,70,52,4.23,broken clouds
460,Snasa,NO,2021-07-20 23:10:28,64.2457,12.3778,48.29,97,100,6.64,overcast clouds
461,Evensk,RU,2021-07-20 23:10:28,61.95,159.2333,55.45,76,47,7.94,scattered clouds
462,Opuwo,NA,2021-07-20 23:10:28,-18.0607,13.84,59.13,36,0,6.67,clear sky
463,Doha,QA,2021-07-20 23:07:55,25.2867,51.5333,94.98,66,0,8.05,clear sky
464,Necochea,AR,2021-07-20 23:10:28,-38.5473,-58.7368,47.03,76,47,8.81,scattered clouds
465,Viransehir,TR,2021-07-20 23:10:29,37.2353,39.7631,84.56,29,0,6.33,clear sky
466,Tubuala,PA,2021-07-20 23:10:29,9.5167,-79.0333,87.33,82,20,9.28,few clouds
467,Aasiaat,GL,2021-07-20 23:08:14,68.7098,-52.8699,38.08,92,97,5.99,overcast clouds
468,Dumas,US,2021-07-20 23:10:30,35.8656,-101.9732,86.04,42,1,12.66,clear sky
469,Kerouane,GN,2021-07-20 23:10:30,9.2667,-9.0167,70.45,94,91,3.87,overcast clouds
470,Nanzhang,CN,2021-07-20 23:10:30,31.7765,111.8386,76.32,91,100,3.33,light rain
471,Kholodnyy,RU,2021-07-20 23:10:30,62.7167,147.95,74.93,44,74,4.32,broken clouds
472,Egvekinot,RU,2021-07-20 23:10:31,66.3167,-179.1667,41.23,73,96,6.46,overcast clouds
473,Newport,GB,2021-07-20 23:10:31,51.5877,-2.9984,71.53,79,0,3.56,clear sky
474,Shymkent,KZ,2021-07-20 23:10:31,42.3,69.6,77.59,34,40,6.71,scattered clouds
475,Frankfort,ZA,2021-07-20 23:10:32,-27.2667,28.4833,40.41,46,0,5.61,clear sky
476,Leningradskiy,RU,2021-07-20 23:10:32,69.3833,178.4167,37.89,73,23,10.16,few clouds
477,Korla,CN,2021-07-20 23:10:33,41.7597,86.1469,77.52,43,39,3.71,scattered clouds
478,Cuiluan,CN,2021-07-20 23:10:33,47.72,128.648,76.62,80,65,2.73,broken clouds
479,Banjar,ID,2021-07-20 23:10:30,-8.19,114.9675,76.86,89,76,5.44,broken clouds
480,Basco,PH,2021-07-20 23:10:33,20.4487,121.9702,82.45,81,100,17.92,overcast clouds
481,Arkhangelskoye,RU,2021-07-20 23:10:34,55.8549,35.3287,55.22,77,71,4.21,broken clouds
482,Fuxin,CN,2021-07-20 23:10:34,42.0156,121.6589,75.92,87,33,7.47,scattered clouds
483,Delijan,IR,2021-07-20 23:07:16,33.9905,50.6838,81.1,21,3,1.97,clear sky
484,Miraflores,MX,2021-07-20 23:10:35,19.2167,-98.8083,73.81,84,96,3.83,overcast clouds
485,Kadoma,JP,2021-07-20 23:10:35,34.7333,135.5833,86.67,94,41,6.24,scattered clouds
486,Port Hedland,AU,2021-07-20 23:05:33,-20.3167,118.5667,60.85,100,31,8.05,scattered clouds
487,Tefe,BR,2021-07-20 23:10:35,-3.3542,-64.7114,78.91,83,75,0.0,broken clouds
488,Canico,PT,2021-07-20 23:10:35,32.6333,-16.85,72.72,82,40,10.36,scattered clouds
489,Tete,MZ,2021-07-20 23:10:36,-16.1564,33.5867,66.83,56,1,2.01,clear sky
490,Tarakan,ID,2021-07-20 23:10:36,3.3,117.6333,80.02,83,73,5.03,heavy intensity rain
491,Gold Coast,AU,2021-07-20 23:10:37,-28.0,153.4333,59.2,55,0,11.01,clear sky
492,Juneau,US,2021-07-20 23:09:24,58.3019,-134.4197,74.84,68,40,9.22,scattered clouds
493,Pacific Grove,US,2021-07-20 23:10:29,36.6177,-121.9166,93.61,81,1,5.99,clear sky
494,Pontianak,ID,2021-07-20 23:10:37,-0.0333,109.3333,75.18,100,40,4.61,scattered clouds
495,Zaltan,LY,2021-07-20 23:10:37,32.947,11.8665,76.78,72,0,4.83,clear sky
496,Bomet,KE,2021-07-20 23:10:38,-0.7813,35.3416,56.14,76,95,2.28,overcast clouds
497,Kottagudem,IN,2021-07-20 23:10:38,17.55,80.6333,75.36,95,100,10.54,moderate rain
498,Abnub,EG,2021-07-20 23:10:38,27.2696,31.1511,91.85,21,1,5.32,clear sky
499,Linhares,BR,2021-07-20 23:08:09,-19.3911,-40.0722,66.04,66,80,8.34,broken clouds
500,Volchikha,RU,2021-07-20 23:10:39,52.0333,80.3833,58.51,82,90,6.91,overcast clouds
501,Port Keats,AU,2021-07-20 23:09:11,-14.25,129.55,70.12,26,12,8.16,few clouds
502,Marck,FR,2021-07-20 23:10:39,50.949,1.9433,67.98,85,1,6.71,clear sky
503,Atar,MR,2021-07-20 23:10:40,20.5169,-13.0499,95.59,10,10,8.12,clear sky
504,Dabat,ET,2021-07-20 23:10:40,12.9842,37.765,53.6,90,100,2.59,overcast clouds
505,Ostersund,SE,2021-07-20 23:10:41,63.1792,14.6357,46.85,81,20,13.8,few clouds
506,Lejanias,CO,2021-07-20 23:10:41,3.5251,-74.0216,71.11,93,44,1.1,scattered clouds
507,Boa Vista,BR,2021-07-20 23:10:41,2.8197,-60.6733,78.78,78,75,6.91,heavy intensity rain
508,Waipawa,NZ,2021-07-20 23:10:42,-41.4122,175.5153,51.03,68,96,9.04,overcast clouds
509,Eyl,SO,2021-07-20 23:10:42,7.9803,49.8164,76.5,77,6,22.84,clear sky
510,Srinagar,IN,2021-07-20 23:10:42,34.0833,74.8167,64.54,88,69,0.49,broken clouds
511,Dyersburg,US,2021-07-20 23:06:09,36.0345,-89.3856,86.88,61,1,9.22,clear sky
512,Sapa,PH,2021-07-20 23:10:43,5.1544,120.3241,82.87,78,76,9.08,broken clouds
513,Ashoknagar,IN,2021-07-20 23:10:43,24.5667,77.7167,78.3,83,100,16.84,overcast clouds
514,Vila,PT,2021-07-20 23:10:43,42.0304,-8.1588,61.74,91,39,2.39,scattered clouds
515,Ambilobe,MG,2021-07-20 23:10:31,-13.2,49.05,68.61,75,0,5.35,clear sky
516,Hervey Bay,AU,2021-07-20 23:10:44,-25.2986,152.8535,59.02,55,0,5.99,clear sky
517,Isla Vista,US,2021-07-20 23:10:44,34.4133,-119.861,99.68,45,1,11.5,clear sky
518,Qaqortoq,GL,2021-07-20 23:09:22,60.7167,-46.0333,46.9,94,100,12.75,light rain
519,Vanderhoof,CA,2021-07-20 23:10:45,54.0166,-124.0198,72.66,45,63,4.03,broken clouds
520,Caledon,ZA,2021-07-20 23:10:45,-34.23,19.4265,45.16,84,16,7.99,few clouds
521,Olafsvik,IS,2021-07-20 23:10:45,64.8945,-23.7142,52.0,95,97,16.02,overcast clouds
522,Alyangula,AU,2021-07-20 23:10:45,-13.8483,136.4192,73.54,53,20,18.16,few clouds
523,Lakes Entrance,AU,2021-07-20 23:10:46,-37.8811,147.981,47.57,79,78,11.79,broken clouds
524,Shimoda,JP,2021-07-20 23:08:56,34.6667,138.95,85.1,71,11,4.43,few clouds
525,Kemalpasa,TR,2021-07-20 23:10:46,38.4262,27.4173,76.1,81,0,1.7,clear sky
526,Brae,GB,2021-07-20 23:10:47,60.3964,-1.353,49.91,87,13,2.8,few clouds
527,Bela Vista,BR,2021-07-20 23:10:47,-22.1089,-56.5211,62.76,26,100,5.41,overcast clouds
528,Lattes,FR,2021-07-20 23:10:47,43.5675,3.9046,76.21,88,0,2.3,clear sky
529,Husavik,IS,2021-07-20 23:08:18,66.0449,-17.3389,55.27,86,7,3.78,clear sky
530,Guangyuan,CN,2021-07-20 23:10:48,32.442,105.823,73.47,94,0,2.71,clear sky
531,Petersburg,US,2021-07-20 23:07:32,37.2279,-77.4019,84.88,78,1,0.0,clear sky
532,Ulaanbaatar,MN,2021-07-20 23:09:00,47.9077,106.8832,62.73,88,40,2.24,scattered clouds
533,Curuca,BR,2021-07-20 23:10:48,-0.7289,-47.8481,74.28,95,17,4.36,few clouds
534,Yarensk,RU,2021-07-20 23:10:48,62.1675,49.0916,56.08,65,60,2.98,broken clouds
535,Port Hardy,CA,2021-07-20 23:09:17,50.6996,-127.4199,60.46,79,30,7.63,light rain
536,Van Buren,US,2021-07-20 23:10:49,35.4368,-94.3483,87.33,54,29,1.23,scattered clouds
537,Diu,IN,2021-07-20 23:10:49,20.7141,70.9822,82.09,83,100,23.26,overcast clouds
538,Rochegda,RU,2021-07-20 23:10:50,62.8,43.25,52.75,90,94,4.59,overcast clouds
539,Vanersborg,SE,2021-07-20 23:10:50,58.3807,12.3234,60.66,86,100,5.75,overcast clouds
540,San-Pedro,CI,2021-07-20 23:10:50,4.7485,-6.6363,75.52,82,11,6.33,few clouds
541,Ucluelet,CA,2021-07-20 23:10:46,48.9329,-125.5528,74.05,76,46,1.99,scattered clouds
542,Sokoni,TZ,2021-07-20 23:10:51,-6.4333,39.55,76.71,80,8,15.08,clear sky
543,Kamenka,RU,2021-07-20 23:10:51,51.3223,42.7678,66.87,81,59,2.06,broken clouds
544,Chapleau,CA,2021-07-20 23:10:51,47.8405,-83.4034,67.44,41,2,7.54,clear sky
545,Batagay-Alyta,RU,2021-07-20 23:10:21,67.8006,130.4114,57.22,69,100,2.77,overcast clouds
546,Sim,RU,2021-07-20 23:10:52,54.993,57.6982,63.18,95,59,5.14,broken clouds
547,Stykkisholmur,IS,2021-07-20 23:10:52,65.0757,-22.7297,52.59,94,96,12.71,overcast clouds
548,Rawson,AR,2021-07-20 23:10:52,-43.3002,-65.1023,51.82,50,57,10.8,broken clouds
549,Dire,ML,2021-07-20 23:10:53,12.2833,-10.9667,73.36,95,100,3.31,moderate rain
550,Doka,SD,2021-07-20 23:10:53,13.5167,35.7667,71.51,93,100,6.22,overcast clouds
551,Tigzirt,DZ,2021-07-20 23:10:53,36.8886,4.1198,76.41,61,0,7.47,clear sky
552,Arlit,NE,2021-07-20 23:10:54,18.7369,7.3853,93.99,27,89,9.33,overcast clouds
553,Pervomayskiy,RU,2021-07-20 23:10:54,53.2485,40.2871,65.3,53,82,6.42,broken clouds
554,Koumac,NC,2021-07-20 23:10:54,-20.5667,164.2833,71.56,63,45,7.34,scattered clouds
555,Palmer,US,2021-07-20 23:07:42,42.1584,-72.3287,83.32,70,75,1.01,haze
556,Marsh Harbour,BS,2021-07-20 23:10:55,26.5412,-77.0636,83.98,75,59,13.33,broken clouds
557,Udachnyy,RU,2021-07-20 23:10:55,66.4167,112.4,64.45,63,91,6.04,overcast clouds
558,Kholm,RU,2021-07-20 23:10:56,59.2667,32.85,57.96,76,96,3.78,overcast clouds
559,Naryan-Mar,RU,2021-07-20 23:06:48,67.6713,53.087,55.47,79,99,5.91,overcast clouds
560,Omsukchan,RU,2021-07-20 23:10:56,62.5333,155.8,70.41,40,71,2.64,broken clouds
561,Maragogi,BR,2021-07-20 23:06:49,-9.0122,-35.2225,74.64,83,25,6.85,scattered clouds
562,Acajutla,SV,2021-07-20 23:10:56,13.5928,-89.8275,98.94,64,29,2.64,scattered clouds
563,Ahipara,NZ,2021-07-20 23:08:28,-35.1667,173.1667,57.7,91,100,14.38,moderate rain
564,Sehwan,PK,2021-07-20 23:10:57,26.4279,67.863,84.02,61,6,11.79,clear sky
565,Ossora,RU,2021-07-20 23:10:57,59.2353,163.0719,62.83,70,100,3.8,overcast clouds
566,Viborg,DK,2021-07-20 23:10:57,56.4532,9.402,59.54,76,77,13.24,broken clouds
567,Medicine Hat,CA,2021-07-20 23:10:58,50.0501,-110.6683,93.7,24,79,7.92,broken clouds
568,Soto La Marina,MX,2021-07-20 23:10:58,23.7667,-98.2167,90.14,57,0,16.26,clear sky
569,Iranshahr,IR,2021-07-20 23:10:58,27.2025,60.6848,88.84,36,22,5.41,few clouds
570,Yashkul,RU,2021-07-20 23:10:59,46.1711,45.3435,87.76,24,60,4.79,broken clouds
571,Kayerkan,RU,2021-07-20 23:10:59,69.3497,87.7602,48.58,76,0,4.29,clear sky
572,Constantine,DZ,2021-07-20 23:08:28,36.365,6.6147,71.96,56,0,1.43,clear sky
573,San Ramon,US,2021-07-20 23:10:59,37.7799,-121.978,95.27,46,1,8.01,clear sky
574,Hede,CN,2021-07-20 23:11:00,33.7681,120.2517,79.77,84,82,9.84,broken clouds
575,San Policarpo,PH,2021-07-20 23:11:00,12.1791,125.5072,80.76,81,100,9.46,overcast clouds
576,Tevaitoa,PF,2021-07-20 23:11:00,-16.7833,-151.5,78.24,78,21,21.9,light rain
577,Fortuna Foothills,US,2021-07-20 23:08:24,32.6578,-114.4119,107.69,22,1,8.05,clear sky
578,Hvide Sande,DK,2021-07-20 23:11:01,56.0045,8.1294,60.01,78,72,21.0,broken clouds
579,Anjozorobe,MG,2021-07-20 23:11:01,-18.4,47.8667,57.52,92,87,6.38,overcast clouds
580,Rio Grande,BR,2021-07-20 23:11:02,-32.035,-52.0986,50.88,71,0,8.3,clear sky
581,Diapaga,BF,2021-07-20 23:06:17,12.0708,1.7889,79.34,68,24,8.03,few clouds
582,Aksarka,RU,2021-07-20 23:11:02,66.5606,67.7975,51.55,91,64,7.18,broken clouds
583,Troitskoye,RU,2021-07-20 23:11:03,52.9821,84.6757,57.92,97,100,5.66,light rain
584,Danielskuil,ZA,2021-07-20 23:11:03,-28.1887,23.5395,38.43,82,100,5.61,overcast clouds
585,Balkanabat,TM,2021-07-20 23:07:03,39.5108,54.3671,87.01,29,0,5.26,clear sky
586,Chifeng,CN,2021-07-20 23:11:04,42.2683,118.9636,74.55,75,2,5.64,clear sky
587,Qasigiannguit,GL,2021-07-20 23:11:04,68.8193,-51.1922,52.05,72,85,3.18,overcast clouds
588,Westport,US,2021-07-20 23:09:15,41.1415,-73.3579,85.28,77,1,1.99,haze
589,Bredy,RU,2021-07-20 23:11:05,52.4153,60.3411,69.3,53,100,7.92,overcast clouds
590,Mangochi,MW,2021-07-20 23:11:05,-14.4782,35.2645,65.19,60,0,3.15,clear sky
591,Telenesti,MD,2021-07-20 23:11:05,47.4997,28.3656,66.67,96,94,4.07,overcast clouds
592,Eureka,US,2021-07-20 23:11:06,40.8021,-124.1637,80.67,78,50,7.0,scattered clouds
593,Goderich,CA,2021-07-20 23:06:10,43.7501,-81.7165,68.92,88,25,19.04,scattered clouds
594,Rabo De Peixe,PT,2021-07-20 23:11:07,37.8,-25.5833,67.51,100,40,11.5,scattered clouds
595,Tecolutla,MX,2021-07-20 23:11:08,20.4833,-97.0167,89.46,66,38,13.44,scattered clouds
596,Kovilpatti,IN,2021-07-20 23:11:08,9.1667,77.8667,79.59,64,49,15.21,scattered clouds
597,Embrach,CH,2021-07-20 23:11:08,47.5056,8.5941,66.42,83,0,8.05,clear sky
598,Gizo,SB,2021-07-20 23:11:09,-8.103,156.8419,83.5,72,78,13.06,broken clouds
599,Son La,VN,2021-07-20 23:11:09,21.3167,103.9,69.08,99,98,1.12,overcast clouds
600,Luderitz,NA,2021-07-20 23:09:14,-26.6481,15.1594,52.54,64,0,22.91,clear sky
601,Panama City,PA,2021-07-20 23:11:10,8.9936,-79.5197,87.17,76,20,11.5,few clouds
602,Natal,BR,2021-07-20 23:11:11,-5.795,-35.2094,75.85,88,0,4.61,clear sky
603,Hienghene,NC,2021-07-20 23:11:11,-20.6833,164.9333,72.5,65,26,3.36,scattered clouds
604,Belmonte,BR,2021-07-20 23:11:11,-15.8631,-38.8828,68.5,87,61,16.53,broken clouds
605,Kristinehamn,SE,2021-07-20 23:11:12,59.3098,14.1081,59.56,52,53,6.58,broken clouds
606,Conceicao Do Araguaia,BR,2021-07-20 23:11:12,-8.2578,-49.2647,79.23,31,0,1.01,clear sky
607,Vila Velha,BR,2021-07-20 23:11:12,-20.3297,-40.2925,67.95,64,0,10.36,clear sky
608,Marystown,CA,2021-07-20 23:11:08,47.1666,-55.1483,62.78,99,100,8.1,overcast clouds
609,Pangani,TZ,2021-07-20 23:11:13,-5.4333,38.9667,72.23,88,17,5.44,few clouds
610,Paita,PE,2021-07-20 23:11:13,-5.0892,-81.1144,67.46,81,5,13.67,clear sky
611,Madison Heights,US,2021-07-20 23:07:04,42.4859,-83.1052,86.27,61,75,14.97,broken clouds
612,Diplo,PK,2021-07-20 23:11:13,24.4667,69.584,83.8,78,92,23.29,overcast clouds
613,Soderhamn,SE,2021-07-20 23:11:14,61.3037,17.0592,52.99,65,1,8.5,clear sky
614,Nova Varos,RS,2021-07-20 23:11:14,43.4606,19.8114,55.99,97,1,1.7,clear sky
615,Pizarro,CO,2021-07-20 23:11:14,4.9533,-77.366,81.0,84,33,6.38,scattered clouds
616,Kenai,US,2021-07-20 23:11:15,60.5544,-151.2583,60.03,94,90,4.61,light rain
617,Jacareacanga,BR,2021-07-20 23:11:15,-6.2222,-57.7528,83.28,41,25,0.25,scattered clouds
618,Wajima,JP,2021-07-20 23:11:16,37.4,136.9,81.25,74,82,7.99,broken clouds
619,Hovd,MN,2021-07-20 23:08:02,48.0056,91.6419,63.63,49,1,2.17,clear sky
620,Kasempa,ZM,2021-07-20 23:11:16,-13.4584,25.8338,56.12,48,9,4.0,clear sky
621,Pervoye Maya,RU,2021-07-20 23:11:16,56.164,44.7196,61.34,85,0,5.48,clear sky
622,Oranjestad,AW,2021-07-20 23:11:17,12.524,-70.027,82.35,78,20,20.71,few clouds
623,Bani,DO,2021-07-20 23:11:17,18.2833,-70.3333,83.86,73,8,12.1,clear sky
624,Inirida,CO,2021-07-20 23:11:17,3.8653,-67.9239,74.26,96,51,1.83,broken clouds
625,Ketchikan,US,2021-07-20 23:08:29,55.3422,-131.6461,61.27,82,90,10.36,light rain
626,Beloha,MG,2021-07-20 23:08:11,-25.1667,45.05,68.94,64,11,5.61,few clouds
627,Ozernovskiy,RU,2021-07-20 23:11:18,51.5,156.5167,53.89,92,81,11.01,broken clouds
628,Horsham,GB,2021-07-20 23:11:18,51.064,-0.3272,72.72,66,0,3.44,clear sky
629,Te Anau,NZ,2021-07-20 23:08:15,-45.4167,167.7167,44.53,91,100,1.97,moderate rain
630,Podosinovets,RU,2021-07-20 23:11:19,60.2776,47.0659,58.14,70,73,4.21,broken clouds
631,Krosno Odrzanskie,PL,2021-07-20 23:11:19,52.0549,15.0988,59.65,85,78,4.97,broken clouds
632,Bratsk,RU,2021-07-20 23:11:20,56.1325,101.6142,61.29,86,18,2.01,few clouds
633,Mizan Teferi,ET,2021-07-20 23:11:20,6.9833,35.5833,60.13,97,85,2.06,overcast clouds
634,Cananea,MX,2021-07-20 23:11:20,30.95,-110.3,90.82,38,93,3.36,overcast clouds
635,Pionerskiy,RU,2021-07-20 23:11:21,54.9508,20.2275,60.64,68,2,19.17,clear sky
636,Villagarzon,CO,2021-07-20 23:11:21,1.0375,-76.6267,72.43,94,84,0.98,broken clouds
637,Inuvik,CA,2021-07-20 23:11:21,68.3499,-133.7218,81.48,32,7,13.44,clear sky
638,Abu Samrah,SY,2021-07-20 23:11:22,35.3029,37.1841,74.14,65,0,14.67,clear sky
639,La Asuncion,VE,2021-07-20 23:11:22,11.0333,-63.8628,79.48,77,49,16.15,scattered clouds
640,Anadyr,RU,2021-07-20 23:11:23,64.75,177.4833,50.5,76,75,4.47,broken clouds
641,San Jose De Ocoa,DO,2021-07-20 23:11:24,18.55,-70.5,79.36,70,3,4.56,clear sky
642,Cap Malheureux,MU,2021-07-20 23:11:24,-19.9842,57.6142,71.47,57,58,8.01,broken clouds
643,Baghdad,IQ,2021-07-20 23:11:25,33.3406,44.4009,98.51,16,0,12.66,clear sky
644,Gornopravdinsk,RU,2021-07-20 23:11:25,60.05,69.9,58.69,80,66,5.57,broken clouds
645,Mizdah,LY,2021-07-20 23:10:36,31.4451,12.9801,72.95,61,0,6.58,clear sky
646,Cradock,ZA,2021-07-20 23:11:25,-32.1642,25.6192,41.52,90,100,8.52,light rain
647,Saint-Joseph,RE,2021-07-20 23:11:26,-21.3667,55.6167,70.18,79,26,14.58,scattered clouds
648,Rafraf,TN,2021-07-20 23:11:26,37.1904,10.1837,73.71,77,0,4.25,clear sky
649,Alenquer,BR,2021-07-20 23:11:26,-1.9417,-54.7383,79.14,64,86,2.1,overcast clouds
650,Laconia,US,2021-07-20 23:11:27,43.5279,-71.4704,81.72,79,1,0.0,clear sky
651,Aykhal,RU,2021-07-20 23:11:27,66.0,111.5,66.92,54,85,7.78,overcast clouds
652,Voi,KE,2021-07-20 23:11:27,-3.3945,38.563,68.14,78,47,11.9,scattered clouds
653,Sechura,PE,2021-07-20 23:11:28,-5.5569,-80.8222,70.56,71,3,13.98,clear sky
654,Oktyabrskiy,RU,2021-07-20 23:11:28,54.4815,53.471,64.6,95,99,5.55,overcast clouds
655,Marzuq,YE,2021-07-20 23:10:00,14.4,46.4667,76.35,66,71,2.39,broken clouds
656,Bonthe,SL,2021-07-20 23:10:21,7.5264,-12.505,77.11,85,100,10.45,light rain
657,Sholapur,IN,2021-07-20 23:11:28,17.6833,75.9167,74.39,85,100,15.97,overcast clouds
658,Hofn,IS,2021-07-20 23:07:44,64.2539,-15.2082,55.53,82,64,5.79,broken clouds
659,Comodoro Rivadavia,AR,2021-07-20 23:09:43,-45.8667,-67.5,49.51,56,18,4.5,few clouds
660,Mombetsu,JP,2021-07-20 23:11:29,44.3525,143.3525,70.66,79,51,3.49,broken clouds
661,Iisalmi,FI,2021-07-20 23:11:29,63.5592,27.1907,51.82,80,15,4.59,few clouds
662,Dalvik,IS,2021-07-20 23:10:33,65.9702,-18.5286,59.47,77,30,4.25,scattered clouds
663,Erdenet,MN,2021-07-20 23:11:30,49.0333,104.0833,52.84,99,100,4.63,moderate rain
664,Lukulu,ZM,2021-07-20 23:11:30,-14.3707,23.242,55.31,42,25,5.84,scattered clouds
665,Casalpusterlengo,IT,2021-07-20 23:11:31,45.1769,9.6491,80.74,56,15,5.3,few clouds
666,Kasese,UG,2021-07-20 23:11:31,0.1833,30.0833,70.83,71,70,2.86,broken clouds
667,Sisimiut,GL,2021-07-20 23:11:31,66.9395,-53.6735,45.86,80,96,7.23,overcast clouds
668,Moses Lake,US,2021-07-20 23:09:49,47.1301,-119.2781,92.08,15,1,11.5,clear sky
669,Regina,CA,2021-07-20 23:10:20,50.4501,-104.6178,72.03,78,100,15.01,overcast clouds
670,Hambantota,LK,2021-07-20 23:11:32,6.1241,81.1185,80.29,79,100,20.36,overcast clouds
671,Jiangkou,CN,2021-07-20 23:11:32,25.4872,119.1986,80.71,78,39,9.13,scattered clouds
672,Jiexiu,CN,2021-07-20 23:11:33,37.0244,111.9125,67.82,92,99,7.54,overcast clouds
673,Anloga,GH,2021-07-20 23:11:33,5.7947,0.8973,76.75,83,64,13.82,broken clouds
674,Perth,AU,2021-07-20 23:11:34,-31.9333,115.8333,55.67,97,75,6.91,broken clouds
675,Igrim,RU,2021-07-20 23:09:30,63.1906,64.4162,59.97,89,100,3.15,light rain
676,Nadym,RU,2021-07-20 23:11:35,65.5333,72.5167,63.19,71,55,13.78,broken clouds
677,Fort-Shevchenko,KZ,2021-07-20 23:11:35,44.5086,50.263,83.05,63,0,6.67,clear sky
678,Klyuchi,RU,2021-07-20 23:11:35,52.2667,79.1667,58.48,83,54,7.63,broken clouds
679,Carauari,BR,2021-07-20 23:11:36,-4.8828,-66.8958,77.94,66,30,0.56,scattered clouds
680,Shangrao,CN,2021-07-20 23:11:36,28.4532,117.9686,78.46,86,86,6.89,overcast clouds
681,Lagos De Moreno,MX,2021-07-20 23:11:36,21.35,-101.9167,81.59,46,100,2.93,overcast clouds
682,Carbondale,US,2021-07-20 23:11:37,37.7273,-89.2168,86.05,62,1,4.61,clear sky
683,Hermiston,US,2021-07-20 23:11:37,45.8404,-119.2895,95.81,18,1,8.05,clear sky
684,Betafo,MG,2021-07-20 23:11:37,-19.8333,46.85,50.72,91,33,5.48,scattered clouds
685,George Town,MY,2021-07-20 23:10:46,5.4112,100.3354,80.89,83,20,0.0,few clouds
686,Ixtapa,MX,2021-07-20 23:11:38,20.7,-105.2,89.22,62,20,9.22,few clouds
687,Sombrerete,MX,2021-07-20 23:11:38,23.6333,-103.65,72.28,43,51,13.71,broken clouds
688,Mednogorsk,RU,2021-07-20 23:11:38,51.4128,57.595,69.37,48,25,3.96,scattered clouds
689,Bonn,DE,2021-07-20 23:11:39,50.7333,7.1,62.74,76,0,8.05,clear sky
690,Uvarovka,RU,2021-07-20 23:11:39,55.5278,35.6061,56.93,82,79,4.79,broken clouds
691,Nizwa,OM,2021-07-20 23:11:39,22.9333,57.5333,86.7,56,98,1.41,overcast clouds
692,Marovoay,MG,2021-07-20 23:11:40,-16.1,46.6333,69.94,67,0,7.85,clear sky
693,Gat,IL,2021-07-20 23:10:06,31.61,34.7642,79.48,73,1,4.85,clear sky
694,Shaghat,AM,2021-07-20 23:11:40,39.5625,45.9143,77.7,66,2,5.7,clear sky
695,Belousovka,KZ,2021-07-20 23:11:40,50.1339,82.5239,63.45,88,75,6.71,broken clouds
696,Samana,DO,2021-07-20 23:11:41,19.2056,-69.3369,85.96,78,27,9.17,scattered clouds
697,Edremit,TR,2021-07-20 23:11:41,39.5961,27.0244,71.35,83,0,3.44,clear sky
698,Palamedu,IN,2021-07-20 23:11:41,10.1167,78.1167,79.05,63,82,4.05,broken clouds
699,Nemuro,JP,2021-07-20 23:11:42,43.3236,145.575,60.39,94,99,8.14,overcast clouds
700,Parabel,RU,2021-07-20 23:11:42,58.6978,81.4825,57.07,94,65,5.77,broken clouds
701,Asfi,MA,2021-07-20 23:07:09,32.2994,-9.2372,67.62,85,0,19.51,clear sky
702,Batticaloa,LK,2021-07-20 23:10:39,7.7102,81.6924,80.46,64,96,7.36,overcast clouds
703,Soligalich,RU,2021-07-20 23:11:42,59.0778,42.2864,54.66,76,49,4.52,scattered clouds
704,Dudinka,RU,2021-07-20 23:11:43,69.4058,86.1778,52.84,62,7,2.95,clear sky
705,Balabac,PH,2021-07-20 23:11:43,7.9868,117.0645,83.21,77,93,11.88,overcast clouds
706,Kinsale,IE,2021-07-20 23:11:43,51.7075,-8.5306,65.57,94,20,5.75,few clouds
707,Bairiki,KI,2021-07-20 23:11:44,1.3292,172.9752,86.0,70,20,6.91,few clouds
708,Rosarito,MX,2021-07-20 23:11:44,32.3333,-117.0333,95.41,55,25,13.62,scattered clouds
709,Puerto Gaitan,CO,2021-07-20 23:11:44,4.3133,-72.0816,79.18,74,43,3.0,scattered clouds
710,Colac,AU,2021-07-20 23:11:45,-38.3333,143.5833,47.62,86,40,4.43,scattered clouds
711,Amla,IN,2021-07-20 23:07:13,21.9333,78.1167,71.53,92,100,12.5,overcast clouds
712,Paamiut,GL,2021-07-20 23:11:45,61.994,-49.6678,42.58,94,100,11.34,light rain
713,Bay Roberts,CA,2021-07-20 23:10:45,47.5999,-53.2648,71.51,96,100,7.0,light rain
714,Dali,CN,2021-07-20 23:11:46,25.7,100.1833,62.85,80,15,1.3,few clouds
715,Mbanza-Ngungu,CD,2021-07-20 23:11:46,-5.25,14.8667,68.92,66,0,8.55,clear sky
716,Nabire,ID,2021-07-20 23:11:47,-3.3667,135.4833,76.89,91,95,3.78,overcast clouds
717,Siyabuswa,ZA,2021-07-20 23:11:47,-25.1132,29.0445,49.03,39,1,6.4,clear sky
718,Manama,BH,2021-07-20 23:08:41,26.2154,50.5832,95.34,65,0,11.5,clear sky
719,Megion,RU,2021-07-20 23:11:48,61.0296,76.1136,57.22,85,52,4.32,broken clouds
720,Kasongo,CD,2021-07-20 23:11:48,-4.45,26.6667,74.12,35,100,2.77,overcast clouds
721,Emerald,AU,2021-07-20 23:11:48,-23.5333,148.1667,58.33,49,0,16.28,clear sky
722,Naumburg,DE,2021-07-20 23:11:49,51.15,11.8167,59.7,84,22,2.42,few clouds
723,Chabahar,IR,2021-07-20 23:11:49,25.2919,60.643,86.72,85,100,7.0,overcast clouds
